,Model,Specifications,PCA Price Estimate,PCA Price SE,PCA Price Std Estimate,PCA Price Std SE,Plain Logit Price Estimate,Plain Logit Price SE,PCA Average of diversion ratios to closest substitute,Plain Logit Average of diversion ratios to closest substitute,Attribute-Based PCA Average of diversion ratios to closest substitute,PCA AIC,Plain Logit AIC,Attribute-Based PCA AIC
10060201,vgg16_image,"price, PC3, PC4, PC5, and PC6",-0.0415823,0.02151077,0.14457265,0.02939021,0.00514739,0.0136989,0.25930890828867376,0.14406547688334112,,5636.919126143432,5662.054257488885,
10060207,user_reviews_USE_text,"PC3, PC4, and PC6",-0.15920272,0.0425815,n/a,n/a,-0.08488727,0.02667445,0.3371491362744901,0.21258620374385176,,4633.907235799536,4645.789254434091,
10060215,title_TFIDF_text,"price, PC1, PC2, PC3, PC4, PC5, and PC6",0.0266517738,0.02472734,0.00983200611,0.05822391,-0.00378934,0.01093908,0.5629970877997259,0.10816595970558544,,3904.639099476929,3920.9854643427766,
10110210,inceptionv3_image,"PC1, PC2, PC4, and PC5",-0.09970223,0.0413149,n/a,n/a,-0.0581194,0.02613179,0.422337139870227,0.09709076467114183,,2961.197019211706,2974.304223638036,
10110218,title_USE_text,"PC2, PC4, PC5, and PC6",-0.13835113,0.06461257,n/a,n/a,-0.06039798,0.0293268,0.39430255372849904,0.08988252669579008,,1808.5672599883487,1820.844940632848,
13010204,user_reviews_TFIDF_text,"price, PC1, PC4, and PC6",0.01855284,0.022505,0.0474881,0.04572909,0.0237193,0.01510162,0.34511873620947425,0.14458010875443134,,3417.1798969697466,3433.845624617219,
13060104,description_COUNT_text,"price, PC1, PC2, PC4, PC5, and PC6",-0.08908153,0.0674868,-0.02830259,0.03600251,-0.02185466,0.03514928,0.35363085456868537,0.16371703346601077,,3838.9950832113473,3858.5480774431885,
13060112,description_ST_text,"price, PC3, PC4, PC5, and PC6",-0.12512724,0.03710228,-0.11411386,0.04041226,-0.05477025,0.01775243,0.3848257579917393,0.184473532713385,,3351.5559386275054,3371.034845494608,
13060114,vgg16_image,price and PC3,-0.84242103,0.21038895,0.13175523,0.06366505,-0.25856813,0.02674978,0.8169220640117761,0.4833268550625272,0.8089272602039873,2685.0908949788177,2781.9248398130067,2709.2928736380654
13060404,description_ST_text,"PC1, PC2, PC3, PC4, and PC6",-0.10521059,0.01054094,n/a,n/a,-0.03031481,0.00207316,0.5104985106426879,0.32809810158317754,0.5525644890667614,4236.599804794345,4348.143165555939,4293.249867799919
13060701,resnet50_image,"price, PC1, PC2, PC3, PC4, and PC6",-0.69508979,1.39739122,0.72902042,1.46160494,-0.02699908,0.00812529,0.4364379649765301,0.23741982096875264,0.4223498740633519,1366.3614207552475,1388.7663522326216,1376.4303542369253
13110101,vgg19_image,PC1 and PC3,-0.0116397,0.00217377,n/a,n/a,-0.00927118,0.00191333,0.2600848468896604,0.19890274168137037,0.2023683261708013,9875.799014397162,9886.473170361929,9881.96242793735
13181001,vgg19_image,PC1 and PC5,-0.16234588,0.01496238,n/a,n/a,-0.03262715,0.00437521,0.6003185426994728,0.36584173295346345,,8959.520061744734,9049.735744607733,
14020210,title_USE_text,"price, PC1, PC3, PC4, PC5, and PC6",0.0207727361,0.14362255,-0.765636534,0.4508529,0.02190875,0.02388509,0.4761089508345914,0.28648001473628865,,2317.1121381076287,2336.2084080473996,
14020605,description_TFIDF_text,PC1 and PC6,-0.0123867847,0.01324911,n/a,n/a,0.000332038144,0.00978455,0.4706621422375487,0.15220450712095893,,5276.454818953836,5285.922075103023,
14020608,xception_image,"price, PC1, PC2, and PC6",-0.15447675,0.08586355,-0.29203793,0.12251078,0.00415989,0.0312638,0.49972858499931144,0.12536357314601979,,2277.5596036443458,2294.665549403325,
14180404,description_ST_text,"PC1, PC2, PC3, and PC4",0.87869552,1.60252596,n/a,n/a,-0.02559023,0.07871501,0.5972031535313409,0.40509235907096386,,1134.315449255967,1139.9652035151144,
16030103,description_COUNT_text,PC2 and PC6,0.10350583,0.04130914,n/a,n/a,0.00352716,0.02731799,0.374261307087074,0.19824947675096877,,3517.0262640942155,3528.2033398450676,
16040408,vgg16_image,"PC1, PC4, and PC5",0.04644125,0.03950774,n/a,n/a,0.00857433,0.03237311,0.2838256807951791,0.2900241621601219,,6180.699845737904,6191.404723191052,
16041006,description_TFIDF_text,"PC2, PC5, and PC6",-0.27237564,0.04682934,n/a,n/a,-0.08310439,0.01829564,0.551070620886966,0.1503791687609898,,4126.638459226508,4142.864648776129,
16041007,title_TFIDF_text,"price, PC1, and PC2",0.07448209,0.08459876,-0.48468768,0.23327189,-0.02075472,0.02313328,0.5967616945875943,0.2661997629904512,,2391.533894317522,2408.414234638887,
17021806,resnet50_image,"price, PC1, PC2, PC3, and PC6",-0.04375372,0.0198294,0.0764803,0.01971969,-0.01342443,0.0133583,0.2776499813141369,0.20936214739261053,,4337.71719827426,4359.055339828903,
17050304,description_USE_text,"price, PC3, PC4, and PC6",-0.0318874,0.01332596,-0.01617615,0.00993915,-0.00991857,0.00307958,0.47286233162693975,0.21250423832775195,,1382.5221438913704,1393.6926664134025,
17050306,user_reviews_ST_text,price and PC4,-0.0283662969,0.0249363279,0.105911318,0.084140062,0.000636133999,0.00206059,0.6356187161344776,0.4004963282854218,,1011.0996176683121,1024.0075285004013,
17111205,vgg19_image,"price, PC2, PC3, PC5, and PC6",-0.28180077,0.13617812,0.19564494,0.11002509,-0.07711473,0.02548559,0.4609538448961518,0.17189106904885515,,1875.4211985737495,1895.875404357315,
21010906,description_ST_text,"price, PC1, PC2, PC3, and PC5",-0.23103563,0.16059508,0.57639113,0.19433129,-0.0723877,0.05145577,0.5293288616553325,0.21031421980710924,,2336.8222814632036,2354.225452498733,
21011403,user_reviews_ST_text,"price, PC3, PC4, PC5, and PC6",-0.000975542949,0.00909731,0.0122432336,0.00876486,0.00154201,0.00588866,0.4459802141052866,0.23589182069334563,,4241.397596744735,4254.923713808015,
21012004,inceptionv3_image,"price, PC2, PC3, PC5, and PC6",-0.17816834,0.08388786,0.21357779,0.12512469,-0.11200323,0.03954236,0.354758272554028,0.15678853844152515,,2835.350269815497,2848.922378686102,
21012008,vgg19_image,"price, PC1, PC3, PC5, and PC6",-0.15752058,0.10585119,0.22675896,0.10241551,-0.02079112,0.03189227,0.4347794090679583,0.11871175117924218,,2783.2732433722604,2796.7742332711214,
21021101,title_USE_text,"price, PC1, PC2, PC4, and PC5",-0.0497532411,0.02495036,-0.017225964,0.01360112,0.000401957952,0.00409486,0.4787284771528452,0.1381212592568872,,3266.0243200432474,3281.1418940195026,
23021004,description_COUNT_text,"price, PC2, PC3, PC4, PC5, and PC6",-0.0385419,0.15154084,0.40920774,0.24026877,-0.02409,0.0534656,0.4754418739946788,0.11373768770847409,,2231.633914578579,2242.7826785004754,
23021309,title_ST_text,"price, PC1, PC2, PC3, and PC6",-1.01467449,0.53212922,0.17286249,0.13746578,-0.1655887,0.05918007,0.5624022258969467,0.22189883003196234,,1235.7591943948698,1247.875687935752,
23021802,user_reviews_COUNT_text,"PC2, PC3, PC5, and PC6",-0.61041822,0.20595201,n/a,n/a,-0.09944614,0.06423658,0.4695549167263979,0.1786231031050341,,2229.2929634904285,2246.1527915657034,
23031107,inceptionv3_image,"price, PC2, PC3, PC4, and PC5",-0.77909918,1.10493035,2.53180446,3.42959701,-0.05840319,0.02233818,0.46151298274720015,0.216261303444504,,1253.1894986355846,1264.911409032542,
23031904,title_USE_text,"PC1, PC3, and PC5",-0.22087941,0.10519733,n/a,n/a,-0.0386971,0.02127469,0.5510204327438802,0.1706931963138701,,2531.71478839899,2549.8926589682555,
27040201,resnet50_image,PC2 and PC3,0.55498811,1.74779425,n/a,n/a,0.0156097,0.0144925,0.6385132502649336,0.5199083868859271,,703.3795077862555,710.1715867932991,
27040301,description_ST_text,"PC2, PC5, and PC6",0.14014119,0.03589765,n/a,n/a,0.03221491,0.01160849,0.4100758745044688,0.2774390730614917,,2314.239333023727,2337.753841987108,
27060103,title_COUNT_text,price and PC5,0.09510499,0.09877,0.81456099,0.53336712,-0.02815029,0.01545589,0.5608798843049453,0.35424105956797236,,467.0756052995233,476.57462306001537,
27070401,description_ST_text,"price, PC4, and PC5",0.07287524,0.04009668,-0.24285044,0.11553567,0.00332785,0.00637554,0.48215260457424935,0.159876961324171,,2174.1985754151456,2208.935857288685,
27100401,xception_image,PC3 and PC4,0.26497032,0.11846082,n/a,n/a,0.00337718,0.00654536,0.5894026890679346,0.30064698296490733,,1028.3633787854362,1103.0949858684062,
