Please Tell Me,The Housemaid,The Ritual,The Inmate,The Serpent & The Wings of Night,The Ashes & The Star Cursed King,Court of Ravens and Ruin,Dopamine Detox,Don't Believe Everything You Think,The Art of Letting Go,CS_Logit,CS_X,CS_PCA
0,0,0,0,0,0,0,0,0,0,0.0,0.0,0.0
0,0,0,0,0,0,0,0,0,1,0.25108137817839693,0.32400636663250776,0.04098661484687341
0,0,0,0,0,0,0,0,1,0,0.5595057190807745,0.5379449974018413,0.1830825735658595
0,0,0,0,0,0,0,0,1,1,1.1344330550527948,1.1634268725734527,0.8457919583198213
0,0,0,0,0,0,0,1,0,0,0.46236713043748007,0.30139259395666074,0.04566358642678239
0,0,0,0,0,0,0,1,0,1,1.0718175883839798,1.0503807718470994,0.7737235777795766
0,0,0,0,0,0,0,1,1,0,1.2232422968900836,1.1452240402488318,0.8317330599299404
0,0,0,0,0,0,0,1,1,1,1.5606103540150362,1.536587285370362,1.2338675155552614
0,0,0,0,0,0,1,0,0,0,0.12887598190222377,0.2935561127366443,-0.029250039169028352
0,0,0,0,0,0,1,0,0,1,0.9026692260559476,1.0509658364009928,0.9278608939688346
0,0,0,0,0,0,1,0,1,0,1.080429635480743,1.1755936111777743,1.0539331863749521
0,0,0,0,0,0,1,0,1,1,1.4539886443308032,1.5566264633116929,1.4167283096100662
0,0,0,0,0,0,1,1,0,0,1.0215551708911748,1.0862906854777645,0.9764017794552241
0,0,0,0,0,0,1,1,0,1,1.4122278514298319,1.4935190709972574,1.3681103302379738
0,0,0,0,0,0,1,1,1,0,1.5234743891356637,1.5627882422129864,1.4342572355969168
0,0,0,0,0,0,1,1,1,1,1.7811422396161858,1.8336692924248454,1.6853245562231478
0,0,0,0,0,1,0,0,0,0,-0.4516373606375327,-0.7030830000409635,-0.5813165501636751
0,0,0,0,0,1,0,0,0,1,0.6648838630958138,0.8151432213090275,0.6787713374790484
0,0,0,0,0,1,0,0,1,0,0.874783438246127,1.0123518938861098,0.828753466289457
0,0,0,0,0,1,0,0,1,1,1.3232670094762562,1.4557993617681528,1.245556161437405
0,0,0,0,0,1,0,1,0,0,0.8129121555801068,0.9066785330445312,0.7452174897523731
0,0,0,0,0,1,0,1,0,1,1.2731479665718501,1.3814817439551492,1.1881824110164978
0,0,0,0,0,1,0,1,1,0,1.398212227434596,1.4763992492075415,1.2649646206906267
0,0,0,0,0,1,0,1,1,1,1.6865948262215968,1.7684469257655466,1.5443929795481046
0,0,0,0,0,1,1,0,0,0,0.5860136653694293,0.7214337765310805,0.45418873996521947
0,0,0,0,0,1,1,0,0,1,1.136854843004888,1.3123266505745914,1.1776183009532324
0,0,0,0,0,1,1,0,1,0,1.27837203517188,1.4311235601764265,1.2960272099622077
0,0,0,0,0,1,1,0,1,1,1.5936483993496047,1.7482583566571555,1.6015364348025707
0,0,0,0,0,1,1,1,0,0,1.236193587750322,1.369074649919921,1.2316198925710367
0,0,0,0,0,1,1,1,0,1,1.560245100295795,1.6984962195811384,1.557226945827019
0,0,0,0,0,1,1,1,1,0,1.6573023391275206,1.7677694911908484,1.6235734341140153
0,0,0,0,0,1,1,1,1,1,1.884285180696743,1.9962528400995103,1.8404235849333974
0,0,0,0,1,0,0,0,0,0,0.029688938011142356,0.029648806219553656,-0.11436806356424188
0,0,0,0,1,0,0,0,0,1,0.8516613032265584,1.012367760533314,0.8787647672852014
0,0,0,0,1,0,0,0,1,0,1.0293357428660175,1.1724592106957612,1.008766957418068
0,0,0,0,1,0,0,0,1,1,1.4216586835454135,1.5628112384419528,1.380993724188453
0,0,0,0,1,0,0,1,0,0,0.9717653397709541,1.0952572397087341,0.9438287765803438
0,0,0,0,1,0,0,1,0,1,1.3757710768895186,1.504977521789894,1.3368956041226852
0,0,0,0,1,0,0,1,1,0,1.4892862009479706,1.5821253550540364,1.4029287904304248
0,0,0,0,1,0,0,1,1,1,1.7545239898681708,1.8524162431226567,1.6597851558495034
0,0,0,0,1,0,1,0,0,0,0.7851128741432122,0.9258960015441967,0.654462685921175
0,0,0,0,1,0,1,0,0,1,1.2547753153308523,1.4320874984403533,1.2912629401919518
0,0,0,0,1,0,1,0,1,0,1.3780711279499558,1.5363267992671974,1.400138783281731
0,0,0,0,1,0,1,0,1,1,1.666472432158117,1.826697308313886,1.6843421653999144
0,0,0,0,1,0,1,1,0,0,1.343085647895741,1.4855700989818494,1.3442104962542016
0,0,0,0,1,0,1,1,0,1,1.636516848189756,1.7849982738058265,1.64642949396367
0,0,0,0,1,0,1,1,1,0,1.724837353498236,1.8438299564217875,1.7059202940256604
0,0,0,0,1,0,1,1,1,1,1.9379040172840614,2.0591236003158757,1.911709112615866
0,0,0,0,1,1,0,0,0,0,0.5172881881575551,0.4576682424361344,0.39662844252910723
0,0,0,0,1,1,0,0,0,1,1.097230094460269,1.236485405475067,1.1360503417850447
0,0,0,0,1,1,0,0,1,0,1.2367907318159654,1.389769735940002,1.2588841409092335
0,0,0,0,1,1,0,0,1,1,1.568225173496642,1.722660439839438,1.5691985169450549
0,0,0,0,1,1,0,1,0,0,1.1938083097948975,1.3343203843069973,1.2008356046737676
0,0,0,0,1,1,0,1,0,1,1.5286397670944882,1.676112103374049,1.5272552464171028
0,0,0,0,1,1,0,1,1,0,1.6268569188435966,1.755168131258854,1.5949144731390377
0,0,0,0,1,1,0,1,1,1,1.8609674638825178,1.9876916627104624,1.8148869423056608
0,0,0,0,1,1,1,0,0,0,1.043982432182024,1.15112687869985,0.9258957947720657
0,0,0,0,1,1,1,0,0,1,1.4244380850848015,1.5906969250514011,1.4608528175766629
0,0,0,0,1,1,1,0,1,0,1.5294170261450721,1.6935912392735823,1.564351379066421
0,0,0,0,1,1,1,0,1,1,1.7823466679333104,1.9514426710881492,1.8162821451478175
0,0,0,0,1,1,1,1,0,0,1.5012709141039478,1.6536263790668944,1.5140059851579586
0,0,0,0,1,1,1,1,0,1,1.75645440586478,1.916039806624465,1.7803435936299445
0,0,0,0,1,1,1,1,1,0,1.8357692592426809,1.976624295126833,1.8391883212804656
0,0,0,0,1,1,1,1,1,1,2.0277597492925206,2.168631784681708,2.0243870264986743
0,0,0,1,0,0,0,0,0,0,0.5825061849879086,0.683680564661074,0.5293397533751552
0,0,0,1,0,0,0,0,0,1,1.142955153170558,1.2719167485348324,1.1325257300861655
0,0,0,1,0,0,0,0,1,0,1.284587527445599,1.4039739551326231,1.2541639938074582
0,0,0,1,0,0,0,0,1,1,1.6033953891194486,1.7175070117684925,1.5492946844672522
0,0,0,1,0,0,0,1,0,0,1.2331842368966768,1.3369099521403174,1.1944259424783283
0,0,0,1,0,0,0,1,0,1,1.5618634317987508,1.6659804304913945,1.505140688794637
0,0,0,1,0,0,0,1,1,0,1.6583748791635065,1.7367742283819083,1.5715280106018104
0,0,0,1,0,0,0,1,1,1,1.8884200237735604,1.9661681082125952,1.786832800039299
0,0,0,1,0,0,1,0,0,0,1.0983926838957192,1.220980163256199,1.0286292139367017
0,0,0,1,0,0,1,0,0,1,1.4669991421873858,1.6073109441417979,1.4806844999104956
0,0,0,1,0,0,1,0,1,0,1.571725292936179,1.6998171726574909,1.5818347287584396
0,0,0,1,0,0,1,0,1,1,1.81605537338703,1.946754708307049,1.820951670079385
0,0,0,1,0,0,1,1,0,0,1.5361416228095828,1.655249358593353,1.5330757064228389
0,0,0,1,0,0,1,1,0,1,1.7874738327376138,1.9079819042884032,1.7852256451403754
0,0,0,1,0,0,1,1,1,0,1.864553735843969,1.9642236555138213,1.8426534531895566
0,0,0,1,0,0,1,1,1,1,2.053734986448665,2.1535695058260695,2.0223833800379776
0,0,0,1,0,1,0,0,0,0,0.8941774563571818,0.9692669516596719,0.8507441541467349
0,0,0,1,0,1,0,0,0,1,1.3311875500442403,1.4668393038980687,1.34795645178863
0,0,0,1,0,1,0,0,1,0,1.449677486148739,1.5922827136454185,1.4632835301264828
0,0,0,1,0,1,0,0,1,1,1.7260639484982667,1.867093920700603,1.7181621105024043
0,0,0,1,0,1,0,1,0,0,1.405822152866908,1.5395381530348482,1.4106271255902088
0,0,0,1,0,1,0,1,0,1,1.687918133403692,1.8230567358655458,1.677586241850184
0,0,0,1,0,1,0,1,1,0,1.7748324004724136,1.8933052193762538,1.7428616256098928
0,0,0,1,0,1,0,1,1,1,1.9811509344102738,2.095533647194997,1.9323341023831948
0,0,0,1,0,1,1,0,0,0,1.2971272129365634,1.4111775078028523,1.2301599877961626
0,0,0,1,0,1,1,0,0,1,1.6068986993043304,1.7547923459544823,1.626714356867987
0,0,0,1,0,1,1,0,1,0,1.6996908080756723,1.843747177721961,1.7227490174127202
0,0,0,1,0,1,1,0,1,1,1.9172784239585083,2.066620202411983,1.9385846174078
0,0,0,1,0,1,1,1,0,0,1.6688876044649872,1.806101556070758,1.677287986932872
0,0,0,1,0,1,1,1,0,1,1.890924836311722,2.0324682386166706,1.9047255995295183
0,0,0,1,0,1,1,1,1,0,1.962153327692127,2.0885281155261306,1.9607938649720535
0,0,0,1,0,1,1,1,1,1,2.1342034101331055,2.2599245273901283,2.125374650021364
0,0,0,1,1,0,0,0,0,0,1.052167488987584,1.1298442332753107,0.9788604447278136
0,0,0,1,1,0,0,0,0,1,1.4332605774394322,1.5687329758205921,1.44233014279877
0,0,0,1,1,0,0,0,1,0,1.5408202547266978,1.6799371014163724,1.5438040417042844
0,0,0,1,1,0,0,0,1,1,1.7927396395496793,1.9379598567491167,1.7885296402424564
0,0,0,1,1,0,0,1,0,0,1.4973013776185202,1.6355413641649292,1.4988859126043734
0,0,0,1,1,0,0,1,0,1,1.757775317750248,1.8993049846382204,1.7553325736499714
0,0,0,1,1,0,0,1,1,0,1.8374184565110208,1.960600209376771,1.813731377765679
0,0,0,1,1,0,0,1,1,1,2.031444607555383,2.154839812803412,1.9965398725218348
0,0,0,1,1,0,1,0,0,0,1.399216064091254,1.514338486607013,1.3186216285393688
0,0,0,1,1,0,1,0,0,1,1.6820871736965806,1.8301630379497018,1.6945722111045003
0,0,0,1,1,0,1,0,1,0,1.766986277110591,1.9116098067601213,1.7820397635744112
0,0,0,1,1,0,1,0,1,1,1.9706096280598868,2.123336893298763,1.9910788919418805
0,0,0,1,1,0,1,1,0,0,1.7371692909946663,1.877835838955004,1.7427095937204695
0,0,0,1,1,0,1,1,0,1,1.9452421430517837,2.0924067136704116,1.962352378474319
0,0,0,1,1,0,1,1,1,0,2.011727583249505,2.1421199922828125,2.0133459520288945
0,0,0,1,1,0,1,1,1,1,2.175457893557131,2.307970496438114,2.1731440784147
0,0,0,1,1,1,0,0,0,0,1.256864738998894,1.3139004442120608,1.1916794406322784
0,0,0,1,1,1,0,0,0,1,1.5783969184181226,1.7037686260210074,1.5947091325792226
0,0,0,1,1,1,0,0,1,0,1.6722319503790812,1.8108230210851606,1.6912977363924877
0,0,0,1,1,1,0,0,1,1,1.8972929294713332,2.0448919718947276,1.9107094571503742
0,0,0,1,1,1,0,1,0,0,1.633988619747914,1.7762456000523992,1.6513673660369332
0,0,0,1,1,1,0,1,0,1,1.8641242657735329,2.01232624801552,1.8797792217392009
0,0,0,1,1,1,0,1,1,0,1.937453015542328,2.073464717048429,1.9366623599348924
0,0,0,1,1,1,0,1,1,1,2.1141711279543487,2.250038004022705,2.102677244275733
0,0,0,1,1,1,1,0,0,0,1.5501086156663144,1.651099242135112,1.4741540316001913
0,0,0,1,1,1,1,0,0,1,1.797381041648801,1.9393945597734892,1.8119216436450816
0,0,0,1,1,1,1,0,1,0,1.8748470941712556,2.018292132209676,1.8952239323222533
0,0,0,1,1,1,1,0,1,1,2.059558327306979,2.2135723069497155,2.087194314227729
0,0,0,1,1,1,1,1,0,0,1.8474904913816972,1.9906609135079325,1.858414864186158
0,0,0,1,1,1,1,1,0,1,2.0350797874237405,2.1870155480562232,2.059647329407101
0,0,0,1,1,1,1,1,1,0,2.097611464636018,2.2364899363552335,2.1093448925273828
0,0,0,1,1,1,1,1,1,1,2.2485247637561847,2.3896661951317744,2.257648112659169
0,0,1,0,0,0,0,0,0,0,-0.3717017191968948,-0.6415316236822717,-0.47574557314565097
0,0,1,0,0,0,0,0,0,1,0.6885522510625959,0.8260797110808766,0.6704722195729859
0,0,1,0,0,0,0,0,1,0,0.9058292990103067,1.0183055971260158,0.8131836372948458
0,0,1,0,0,0,0,0,1,1,1.3377082170130477,1.460096283341987,1.2289575407708437
0,0,1,0,0,0,0,1,0,0,0.8344098713075567,0.9108336150731879,0.7335545485141621
0,0,1,0,0,0,0,1,0,1,1.2846752829617105,1.3875782008384907,1.174930479591798
0,0,1,0,0,0,0,1,1,0,1.4135113198653833,1.479403647476282,1.2484037350972546
0,0,1,0,0,0,0,1,1,1,1.6965881097200275,1.7740018456899813,1.5290353939577261
0,0,1,0,0,0,1,0,0,0,0.6123413775347468,0.7262076287050002,0.49409027852975984
0,0,1,0,0,0,1,0,0,1,1.1501785573811991,1.3139668306804255,1.1775174705322917
0,0,1,0,0,0,1,0,1,0,1.2946325509805863,1.4321741970766495,1.2921241374700014
0,0,1,0,0,0,1,0,1,1,1.6047302308780855,1.748650931515862,1.5956495155572534
0,0,1,0,0,0,1,1,0,0,1.2449180679421301,1.3724417233143913,1.2313054792356828
0,0,1,0,0,0,1,1,0,1,1.5673698612592561,1.701399754276294,1.5528801614309602
0,0,1,0,0,0,1,1,1,0,1.6658764627626033,1.7683308401042728,1.6165023672240502
0,0,1,0,0,0,1,1,1,1,1.8920901478320729,1.9976731906788159,1.8341350018552192
0,0,1,0,0,1,0,0,0,0,0.2997115671510509,0.04981019495265368,0.1900318508408642
0,0,1,0,0,1,0,0,0,1,0.9747076570505341,1.090500431704794,0.9976720134259528
0,0,1,0,0,1,0,0,1,0,1.1402509810535453,1.2666097614686498,1.1304086390921
0,0,1,0,0,1,0,0,1,1,1.4977406266359372,1.6379607853677705,1.4659601454149227
0,0,1,0,0,1,0,1,0,0,1.0854128461800954,1.1896195139296235,1.0623377937226146
0,0,1,0,0,1,0,1,0,1,1.4500272604625815,1.5799204400600413,1.4159250964343277
0,0,1,0,0,1,0,1,1,0,1.5618577336289052,1.667530360791734,1.488514200179122
0,0,1,0,0,1,0,1,1,1,1.8091946338744649,1.920591838649216,1.7240697728348369
0,0,1,0,0,1,1,0,0,0,0.918789748562013,0.9918233033039658,0.8032689638905705
0,0,1,0,0,1,1,0,0,1,1.3406337499813803,1.4926208245833001,1.368977989160438
0,0,1,0,0,1,1,0,1,0,1.460197359934249,1.6056388074071941,1.4768748838169645
0,0,1,0,0,1,1,0,1,1,1.7291657604855888,1.8849618375590114,1.7438883038107953
0,0,1,0,0,1,1,1,0,0,1.4206819667707369,1.5569932871637804,1.4222029086104833
0,0,1,0,0,1,1,1,0,1,1.6963032141961114,1.8442224335554154,1.703447099746706
0,0,1,0,0,1,1,1,1,0,1.7845589352697344,1.9100300722429429,1.7651947922662101
0,0,1,0,0,1,1,1,1,1,1.9865133042279517,2.114941384142432,1.9605654574779965
0,0,1,0,1,0,0,0,0,0,0.5535443780535224,0.47199986008703154,0.43523362544434696
0,0,1,0,1,0,0,0,0,1,1.1106386070234353,1.2462067663813026,1.1398432501814975
0,0,1,0,1,0,0,0,1,0,1.2548352260455724,1.3906559634564393,1.255123101830847
0,0,1,0,1,0,0,0,1,1,1.5757582345641417,1.7286396921585885,1.5668873452440033
0,0,1,0,1,0,0,1,0,0,1.2077007614577888,1.3359477760573513,1.2019403390995786
0,0,1,0,1,0,0,1,0,1,1.5368670576636987,1.683571732089501,1.5282600759061011
0,0,1,0,1,0,0,1,1,0,1.636313387315328,1.7552651606962357,1.5906588513946882
0,0,1,0,1,0,0,1,1,1,1.8678805780447145,1.9932440711664976,1.8134058696219382
0,0,1,0,1,0,1,0,0,0,1.058910950677542,1.1513303624019904,0.9427650745253653
0,0,1,0,1,0,1,0,0,1,1.4338519262028937,1.593996617006917,1.4629162837444045
0,0,1,0,1,0,1,0,1,0,1.539733745192101,1.6927643016037586,1.5611028638566005
0,0,1,0,1,0,1,0,1,1,1.7897807166091446,1.9539706491984636,1.814308824651452
0,0,1,0,1,0,1,1,0,0,1.5088466992884049,1.654250671203161,1.514454865378615
0,0,1,0,1,0,1,1,0,1,1.76324171522142,1.9202715838384437,1.78075323623333
0,0,1,0,1,0,1,1,1,0,1.8419015254626927,1.976407356792223,1.8355924176347704
0,0,1,0,1,0,1,1,1,1,2.034194745763377,2.1717901028324325,2.022881515750532
0,0,1,0,1,1,0,0,0,0,0.8743893529313573,0.759965984630278,0.7597757868103213
0,0,1,0,1,1,0,0,0,1,1.308498737305763,1.4130871388162536,1.3363765916571537
0,0,1,0,1,1,0,0,1,0,1.4273265764939373,1.552914238643902,1.4460437141940268
0,0,1,0,1,1,0,0,1,1,1.7058121346572337,1.8518484679912341,1.7178477822377287
0,0,1,0,1,1,0,1,0,0,1.3870558364240522,1.5090678941315852,1.395397059199642
0,0,1,0,1,1,0,1,0,1,1.6683237631856564,1.8132368354669983,1.6787080317189778
0,0,1,0,1,1,0,1,1,0,1.7581891612467524,1.8864568755240925,1.7414104165848878
0,0,1,0,1,1,0,1,1,1,1.965191266702855,2.0986503033523105,1.9394613687918605
0,0,1,0,1,1,1,0,0,0,1.2647387160354386,1.326333473745845,1.152255164040043
0,0,1,0,1,1,1,0,0,1,1.5804948127560343,1.7212748495066803,1.6048618171514215
0,0,1,0,1,1,1,0,1,0,1.6725874789074688,1.8183853886774708,1.6982559878825068
0,0,1,0,1,1,1,0,1,1,1.895523514104521,2.0552654641849446,1.9274863115588026
0,0,1,0,1,1,1,1,0,0,1.645576106982434,1.7859619306640353,1.6544528336811672
0,0,1,0,1,1,1,1,0,1,1.8702342311613944,2.0255046859596293,1.8942251183698249
0,0,1,0,1,1,1,1,1,0,1.9428037866777685,2.08254977628431,1.9481902892930727
0,0,1,0,1,1,1,1,1,1,2.1174437772752635,2.2607729391305225,2.119956340567309
0,0,1,1,0,0,0,0,0,0,0.9236177186959612,0.9699124300638484,0.853997505580593
0,0,1,1,0,0,0,0,0,1,1.347216922940409,1.4688131178764543,1.3420053432211643
0,0,1,1,0,0,0,0,1,0,1.465839849425421,1.5928200836331463,1.450158191439404
0,0,1,1,0,0,0,0,1,1,1.7343325174281066,1.869596257360906,1.7088119704753695
0,0,1,1,0,0,0,1,0,0,1.4228193422740252,1.539584933002497,1.4011666323216618
0,0,1,1,0,0,0,1,0,1,1.6989246724685012,1.8260652048331372,1.6697376385462703
0,0,1,1,0,0,0,1,1,0,1.786796077546109,1.8947149594256973,1.7313862999248675
0,0,1,1,0,0,0,1,1,1,1.9894771036900265,2.099297469402241,1.924087314738201
0,0,1,1,0,0,1,0,0,0,1.3092457798794184,1.409583878149743,1.2354248262061487
0,0,1,1,0,0,1,0,0,1,1.616573040944801,1.7536858486220954,1.6245597860675411
0,0,1,1,0,0,1,0,1,0,1.7097414651777096,1.8427689255730184,1.7161187842698908
0,0,1,1,0,0,1,0,1,1,1.9244191240104411,2.067018765996809,1.9342316999224158
0,0,1,1,0,0,1,1,0,0,1.6756258037880056,1.8068187913342892,1.674063831727092
0,0,1,1,0,0,1,1,0,1,1.8977922016600852,2.0341177724250854,1.9009939965025822
0,0,1,1,0,0,1,1,1,0,1.9698759202213545,2.0891474621316166,1.9542229655349184
0,0,1,1,0,0,1,1,1,1,2.141159197742427,2.2618661449544226,2.120835252207851
0,0,1,1,0,1,0,0,0,0,1.1542839674819163,1.178759380444631,1.092602986065353
0,0,1,1,0,1,0,0,0,1,1.5037929597011264,1.6166559615504568,1.5127284705180717
0,0,1,1,0,1,0,0,1,0,1.6061127686491428,1.734122519709008,1.614811363712952
0,0,1,1,0,1,0,0,1,1,1.844226536983848,1.984579926367855,1.8455878869874787
0,0,1,1,0,1,0,1,0,0,1.5670362845326562,1.6905507518672456,1.5711697671577691
0,0,1,1,0,1,0,1,0,1,1.8096207951588632,1.9461634022766634,1.8091920753895592
0,0,1,1,0,1,0,1,1,0,1.8906684750052778,2.013167725950532,1.868919313628383
0,0,1,1,0,1,0,1,1,1,2.0745072516457492,2.199620560308843,2.043286437765027
0,0,1,1,0,1,1,0,0,0,1.4746873135222656,1.558834835416327,1.4015282955755206
0,0,1,1,0,1,1,0,0,1,1.7398411314003315,1.871464185616936,1.750223088987187
0,0,1,1,0,1,1,0,1,0,1.8229493852489065,1.956663876400208,1.8365489079862536
0,0,1,1,0,1,1,0,1,1,2.0170548167878666,2.163331046176225,2.036566884516186
0,0,1,1,0,1,1,1,0,0,1.7928103388782874,1.9258541604475643,1.797490792378578
0,0,1,1,0,1,1,1,0,1,1.991510419671231,2.1338034199565556,2.0052856225491973
0,0,1,1,0,1,1,1,1,0,2.058706860701861,2.1877240794033055,2.0564819702412844
0,0,1,1,0,1,1,1,1,1,2.215863953503015,2.3475970659697545,2.2112046420421763
0,0,1,1,1,0,0,0,0,0,1.2739101529859218,1.3103706786734661,1.1926807114681037
0,0,1,1,1,0,0,0,0,1,1.5872873772766223,1.7055821714066297,1.5923315253524972
0,0,1,1,1,0,0,0,1,0,1.6817916610171326,1.8102234495214617,1.6829686065357257
0,0,1,1,1,0,0,0,1,1,1.901864457949931,2.0478461513613375,1.9064264878267394
0,0,1,1,1,0,0,1,0,0,1.6449743357609676,1.7730153859485842,1.6445286145757356
0,0,1,1,1,0,0,1,0,1,1.8712624782624385,2.01405883018808,1.8761604356958625
0,0,1,1,1,0,0,1,1,0,1.9453923561201782,2.0729806714556562,1.9296180656367736
0,0,1,1,1,0,0,1,1,1,2.1200135892437086,2.252880105161923,2.0992734347728494
0,0,1,1,1,0,1,0,0,0,1.5578054971786688,1.6479105647890078,1.475357614408667
0,0,1,1,1,0,1,0,0,1,1.8036279393365535,1.9397334351163225,1.8108467060831697
0,0,1,1,1,0,1,0,1,0,1.880406383892424,2.0176746651753423,1.890387346882002
0,0,1,1,1,0,1,0,1,1,2.0637233207418877,2.215486009300384,2.0848215666700876
0,0,1,1,1,0,1,1,0,0,1.8525001363994609,1.9899279908224856,1.8556498655032772
0,0,1,1,1,0,1,1,0,1,2.0404520507340407,2.1889910385683535,2.058099289562473
0,0,1,1,1,0,1,1,1,0,2.1027747063516005,2.237139511965378,2.1050602092634616
0,0,1,1,1,0,1,1,1,1,2.2536265539216673,2.392380544941355,2.2557110978907424
0,0,1,1,1,1,0,0,0,0,1.4423677234191747,1.4601600494431848,1.367266662042292
0,0,1,1,1,1,0,0,0,1,1.7143796047604567,1.816770984843303,1.7219870505356485
0,0,1,1,1,1,0,0,1,0,1.798099309715582,1.9179093719237315,1.8088395251308818
0,0,1,1,1,1,0,0,1,1,1.9974138091115787,2.1368825535433573,2.0123887223932133
0,0,1,1,1,1,0,1,0,0,1.7635449538890848,1.888378394284429,1.7742887163434704
0,0,1,1,1,1,0,1,0,1,1.966534541133399,2.107820052112665,1.983591788736661
0,0,1,1,1,1,0,1,1,0,2.0362495615722493,2.1664067701926033,2.03594581819132
0,0,1,1,1,1,0,1,1,1,2.1965362032644276,2.332720428822454,2.1920560143450323
0,0,1,1,1,1,1,0,0,0,1.6893721761146248,1.7635055641057669,1.6096732730550567
0,0,1,1,1,1,1,0,0,1,1.9080392877793262,2.0323129889757308,1.9148609128739345
0,0,1,1,1,1,1,0,1,0,1.978118358177261,2.107935312166639,1.9905443446829116
0,0,1,1,1,1,1,0,1,1,2.146257655055429,2.2922976618993336,2.1707762218813156
0,0,1,1,1,1,1,1,0,0,1.9519386582895963,2.0851137463867153,1.9581635904136858
0,0,1,1,1,1,1,1,0,1,2.1229118018025384,2.269128300757424,2.1451483128267492
0,0,1,1,1,1,1,1,1,0,2.181980310810047,2.3168902394244526,2.1907593770746527
0,0,1,1,1,1,1,1,1,1,2.321873945360599,2.4619445124051533,2.3317168658737546
0,1,0,0,0,0,0,0,0,0,0.5338012844548624,0.6506997894509244,0.4285582086263275
0,1,0,0,0,0,0,0,0,1,1.1213108865874855,1.2519943512203908,1.1322984692402407
0,1,0,0,0,0,0,0,1,0,1.2684948777320835,1.3665364261087691,1.2535031189602526
0,1,0,0,0,0,0,0,1,1,1.596234047424014,1.693140585368103,1.563057691392591
0,1,0,0,0,0,0,1,0,0,1.218687262415741,1.299151464599638,1.201181177528421
0,1,0,0,0,0,0,1,0,1,1.5529041911152552,1.6445867879354363,1.523756498378804
0,1,0,0,0,0,0,1,1,0,1.6530511357435063,1.7065833886078519,1.5873924573151104
0,1,0,0,0,0,0,1,1,1,1.8857748133952432,1.9481420307024708,1.8078347237047212
0,1,0,0,0,0,1,0,0,0,1.0627717565312018,1.1994250865484242,0.9585957815547049
0,1,0,0,0,0,1,0,0,1,1.4458066978492783,1.5955293682361242,1.4691085411847653
0,1,0,0,0,0,1,0,1,0,1.5534249006787098,1.6783258905232836,1.5709134950059356
0,1,0,0,0,0,1,0,1,1,1.8063511649894997,1.9313209062834096,1.8206245274322082
0,1,0,0,0,0,1,1,0,0,1.517604320996206,1.6318656237942146,1.5251253738912405
0,1,0,0,0,0,1,1,0,1,1.773470992384529,1.89514853206543,1.7880426679271015
0,1,0,0,0,0,1,1,1,0,1.8545107858275485,1.9447341917120087,1.843115903632286
0,1,0,0,0,0,1,1,1,1,2.0472073648530698,2.1417981570178055,2.028654111095299
0,1,0,0,0,1,0,0,0,0,0.8632138013985272,0.9566080066060927,0.766740754990362
0,1,0,0,0,1,0,0,0,1,1.3160252913253228,1.4551667791945708,1.3380222403911546
0,1,0,0,0,1,0,0,1,0,1.432885049523614,1.5700954591982867,1.4539859554979258
0,1,0,0,0,1,0,0,1,1,1.7172181318859525,1.8510301946884304,1.7222324804997153
0,1,0,0,0,1,0,1,0,0,1.3931387904809849,1.5192987428373588,1.4066443715484835
0,1,0,0,0,1,0,1,0,1,1.6792261581920067,1.811591646445129,1.6850885976020278
0,1,0,0,0,1,0,1,1,0,1.7668069529752992,1.875954034792208,1.7491688922524584
0,1,0,0,0,1,0,1,1,1,1.975650443578549,2.0856101772654094,1.9441558848757465
0,1,0,0,0,1,1,0,0,0,1.2659344694468615,1.3978118475389711,1.1688931154669266
0,1,0,0,0,1,1,0,0,1,1.587094828571329,1.7459734466564771,1.6132019913501598
0,1,0,0,0,1,1,0,1,0,1.6802989803796844,1.82845701300267,1.7108208520335886
0,1,0,0,0,1,1,0,1,1,1.9053343406830245,2.0551296298162125,1.9363699191577337
0,1,0,0,0,1,1,1,0,0,1.6501889465800432,1.7913641832969487,1.6686012710160756
0,1,0,0,0,1,1,1,0,1,1.8761192038155878,2.0241958650501357,1.9048112909204242
0,1,0,0,0,1,1,1,1,0,1.9503210700848947,2.075176236836323,1.9595084047747955
0,1,0,0,0,1,1,1,1,1,2.125663329754664,2.252333530941763,2.129285971437922
0,1,0,0,1,0,0,0,0,0,1.0244658512838511,1.1199771206756775,0.9048410281041978
0,1,0,0,1,0,0,0,0,1,1.4166114369165006,1.5570459027962509,1.4262016822850283
0,1,0,0,1,0,0,0,1,0,1.526681928317727,1.659217751049249,1.5330417947097639
0,1,0,0,1,0,0,0,1,1,1.7864429281337546,1.9195733997373774,1.7867442609882405
0,1,0,0,1,0,0,1,0,0,1.4866835541774115,1.6155798227563054,1.489558791675773
0,1,0,0,1,0,0,1,0,1,1.7491136052183305,1.8840383471972375,1.7528158065148398
0,1,0,0,1,0,0,1,1,0,1.8316450056884717,1.9415083112752802,1.8143143299521587
0,1,0,0,1,0,0,1,1,1,2.0281869889640403,2.1404155156624074,2.0009386483006617
0,1,0,0,1,0,1,0,0,0,1.3716728151463964,1.5026395904168082,1.2626843606546334
0,1,0,0,1,0,1,0,0,1,1.6635920711429637,1.8207865846016167,1.6776122636634283
0,1,0,0,1,0,1,0,1,0,1.7510250888213907,1.8964427065761824,1.7687399468493588
0,1,0,0,1,0,1,0,1,1,1.9611453640855512,2.1100404957661447,1.9850224810627788
0,1,0,0,1,0,1,1,0,0,1.721683577979026,1.8636964043902393,1.7313618399955888
0,1,0,0,1,0,1,1,0,1,1.933093911808382,2.0816325205908424,1.9573120568349014
0,1,0,0,1,0,1,1,1,0,2.0021336756635986,2.1279538870563726,2.0092338552507814
0,1,0,0,1,0,1,1,1,1,2.1689169581652235,2.29724039338713,2.173178101406893
0,1,0,0,1,1,0,0,0,0,1.232499360750439,1.307970260007274,1.1286908257565915
0,1,0,0,1,1,0,0,0,1,1.5636240370931886,1.6935102370774078,1.5772391607407368
0,1,0,0,1,1,0,0,1,0,1.65670121280382,1.7956410452392324,1.6780678717111015
0,1,0,0,1,1,0,0,1,1,1.8885780536675516,2.0298520400073823,1.9065404869614753
0,1,0,0,1,1,0,1,0,0,1.6212885968786341,1.762044444891663,1.640238952795345
0,1,0,0,1,1,0,1,0,1,1.8542582697481833,2.000123511937019,1.8747235231335884
0,1,0,0,1,1,0,1,1,0,1.9284828507234177,2.0599102896796966,1.935093360351885
0,1,0,0,1,1,0,1,1,1,2.1075516507558483,2.238942265383461,2.1045515117213593
0,1,0,0,1,1,1,0,0,0,1.5235734740781326,1.6433103594282954,1.4237769349675136
0,1,0,0,1,1,1,0,0,1,1.7793240569238709,1.9312312808313132,1.7945733925752463
0,1,0,0,1,1,1,0,1,0,1.8567735816239883,2.007513251614302,1.881772613782471
0,1,0,0,1,1,1,0,1,1,2.0477993639066328,2.203150394188512,2.0806088730567174
0,1,0,0,1,1,1,1,0,0,1.8302949160401554,1.9811832970879821,1.8477471078780503
0,1,0,0,1,1,1,1,0,1,2.021727473498487,2.1787227560496594,2.05370299175299
0,1,0,0,1,1,1,1,1,0,2.085312067488587,2.2271021497166648,2.1051685661542923
0,1,0,0,1,1,1,1,1,1,2.239360523850036,2.3821062645274185,2.2568215393086772
0,1,0,1,0,0,0,0,0,0,1.2795873098263282,1.3747246917278761,1.1928040268162878
0,1,0,1,0,0,0,0,0,1,1.6019491312051273,1.7206500544314314,1.5903349780027813
0,1,0,1,0,0,0,0,1,0,1.6955354701635705,1.8086310202600944,1.6884250396129294
0,1,0,1,0,0,0,0,1,1,1.9188587958490737,2.0335134070396483,1.9068936899869398
0,1,0,1,0,0,0,1,0,0,1.6577569827324177,1.770725388144717,1.649615892361378
0,1,0,1,0,0,0,1,0,1,1.8869639046703708,2.0013484143330103,1.875236329498369
0,1,0,1,0,0,0,1,1,0,1.959919030359318,2.0545949308141265,1.9323379127027664
0,1,0,1,0,0,0,1,1,1,2.136056105432004,2.2300857721671004,2.0980487659085023
0,1,0,1,0,0,1,0,0,0,1.567102864171141,1.6786150562549542,1.4819872016490094
0,1,0,1,0,0,1,0,0,1,1.814708821672554,1.9470748255758248,1.8147489384739426
0,1,0,1,0,0,1,0,1,0,1.8910740232476644,2.0139591182035534,1.8981565805972291
0,1,0,1,0,0,1,0,1,1,2.0758675909732935,2.2040416496336497,2.089005359528123
0,1,0,1,0,0,1,1,0,0,1.8643603565195102,1.985641393191621,1.864557157871432
0,1,0,1,0,0,1,1,0,1,2.052001414607879,2.177900837141483,2.0624685647565557
0,1,0,1,0,0,1,1,1,0,2.1136826297212794,2.220942434568915,2.111597507058001
0,1,0,1,0,0,1,1,1,1,2.264964373313922,2.374192522264136,2.2594231987001945
0,1,0,1,0,1,0,0,0,0,1.4447372242416128,1.5336876285523129,1.3678120309714232
0,1,0,1,0,1,0,0,0,1,1.7230621117028273,1.8453246242773635,1.7212042183923444
0,1,0,1,0,1,0,0,1,0,1.8058344723059356,1.9328421922517123,1.8159093585224193
0,1,0,1,0,1,0,0,1,1,2.008460587872638,2.138412852463778,2.0148451621200185
0,1,0,1,0,1,0,1,0,0,1.7714300101508922,1.9007830594628476,1.7796934227611716
0,1,0,1,0,1,0,1,0,1,1.977552106033362,2.109762709345964,1.9840702902048328
0,1,0,1,0,1,0,1,1,0,2.0449053127207106,2.1639367203725435,2.0408228797727053
0,1,0,1,0,1,0,1,1,1,2.207127490705997,2.3249717838165753,2.1932873951938014
0,1,0,1,0,1,1,0,0,0,1.69304155130136,1.803163992602342,1.6146908965539695
0,1,0,1,0,1,1,0,0,1,1.913209807445823,2.049893095576058,1.917566304654516
0,1,0,1,0,1,1,0,1,0,1.9839350759359757,2.116613809859973,1.99818096094796
0,1,0,1,0,1,1,0,1,1,2.1536225687200554,2.292801889592635,2.1750088774253435
0,1,0,1,0,1,1,1,0,0,1.9587977394005056,2.0922500775272654,1.9661235640788353
0,1,0,1,0,1,1,1,0,1,2.1299621945624065,2.269371236768353,2.14904505347899
0,1,0,1,0,1,1,1,1,0,2.1885000221560698,2.313383087243737,2.1977544609851067
0,1,0,1,0,1,1,1,1,1,2.32904547681267,2.4556008877507507,2.3360899400502277
0,1,0,1,1,0,0,0,0,0,1.5354718809118884,1.6270357121966819,1.4442746480253528
0,1,0,1,1,0,0,0,0,1,1.7899890268530692,1.915344176167543,1.7811385234614152
0,1,0,1,1,0,0,0,1,0,1.8689272413412712,1.9950946275358135,1.8683076879011093
0,1,0,1,1,0,0,0,1,1,2.0585985392691435,2.1913549267932986,2.0616572289332855
0,1,0,1,1,0,0,1,0,0,1.8350113289546093,1.9658465701973593,1.8347361812940284
0,1,0,1,1,0,0,1,0,1,2.028891930001324,2.1645716680942613,2.0342190488402094
0,1,0,1,1,0,0,1,1,0,2.0928608443209904,2.2133481066635414,2.087425760586718
0,1,0,1,1,0,0,1,1,1,2.2477372546708847,2.3693911662511367,2.236424165471637
0,1,0,1,1,0,1,0,0,0,1.7624767970301756,1.874244535628578,1.673083758833226
0,1,0,1,1,0,1,0,0,1,1.9685917700684552,2.106174573464594,1.9648984990204479
0,1,0,1,1,0,1,0,1,0,2.0355556991120705,2.16850000109914,2.0401963440682453
0,1,0,1,1,0,1,0,1,1,2.1961752325825947,2.337709449348147,2.2128797364208928
0,1,0,1,1,0,1,1,0,0,2.0102974656339705,2.1456179510142235,2.0113350239914185
0,1,0,1,1,0,1,1,0,1,2.173108109860541,2.3154394935094964,2.190214809989337
0,1,0,1,1,0,1,1,1,0,2.2287824443247466,2.3558582673451487,2.235822010218788
0,1,0,1,1,0,1,1,1,1,2.3636546141461356,2.4938701692872045,2.37115682749028
0,1,0,1,1,1,0,0,0,0,1.6650194200921764,1.7474541871423541,1.5835744083557743
0,1,0,1,1,1,0,0,0,1,1.892384121011939,2.012151201550874,1.8880800478930686
0,1,0,1,1,1,0,0,1,0,1.9637228629332488,2.0911032743639204,1.9716852411408878
0,1,0,1,1,1,0,0,1,1,2.138170855240611,2.273407215568504,2.1503961380449907
0,1,0,1,1,1,0,1,0,0,1.9318572358099482,2.067527429022742,1.9414940770096174
0,1,0,1,1,1,0,1,0,1,2.109008371570458,2.250495133586842,2.124221058390698
0,1,0,1,1,1,0,1,1,0,2.168791189171792,2.299592217801598,2.176527788914139
0,1,0,1,1,1,0,1,1,1,2.3126847840507585,2.444833975454792,2.3151176574308234
0,1,0,1,1,1,1,0,0,0,1.8672694309899778,1.9736269678747538,1.7856977880613474
0,1,0,1,1,1,1,0,0,1,2.054484464179922,2.1890487819403175,2.053687953305452
0,1,0,1,1,1,1,0,1,0,2.117159290023363,2.2510727737276857,2.126459783276443
0,1,0,1,1,1,1,0,1,1,2.2664744365637515,2.4095705058341808,2.2878327964154646
0,1,0,1,1,1,1,1,0,0,2.0928594178022983,2.2323270135909,2.099266925608145
0,1,0,1,1,1,1,1,0,1,2.243354454891036,2.3903266133986287,2.2655304826674865
0,1,0,1,1,1,1,1,1,0,2.296340873855912,2.431279889585588,2.3108555279660687
0,1,0,1,1,1,1,1,1,1,2.422864224821831,2.560696909329775,2.438149377369076
0,1,1,0,0,0,0,0,0,0,0.8876875738452973,0.9651471538789875,0.7876247406161938
0,1,1,0,0,0,0,0,0,1,1.3250698860893426,1.4647673425928587,1.339420319755272
0,1,1,0,0,0,0,0,1,0,1.4516569883377242,1.571785964913662,1.447463970127779
0,1,1,0,0,0,0,0,1,1,1.7269507814615728,1.8554584498245987,1.716962201501732
0,1,1,0,0,0,0,1,0,0,1.4053969362246423,1.5207379359742799,1.4013562369157337
0,1,1,0,0,0,0,1,0,1,1.686568861468301,1.815255178969382,1.6802840135702042
0,1,1,0,0,0,0,1,1,0,1.7782096272640144,1.8753609327704475,1.740497933036013
0,1,1,0,0,0,0,1,1,1,1.9844443201238648,2.0878088167153894,1.9381383766245555
0,1,1,0,0,0,1,0,0,0,1.277996346281823,1.4002643111957456,1.1811252820685743
0,1,1,0,0,0,1,0,0,1,1.5941755955111028,1.7514473387406446,1.6146611886299944
0,1,1,0,0,0,1,0,1,0,1.6915037224138063,1.828700149553667,1.7072209431361594
0,1,1,0,0,0,1,0,1,1,1.9133078303817936,2.057704658843809,1.9338324155548496
0,1,1,0,0,0,1,1,0,0,1.6563603337544415,1.7923143458844801,1.6674404387080064
0,1,1,0,0,0,1,1,0,1,1.8819279902304646,2.027414805928722,1.9035321882433573
0,1,1,0,0,0,1,1,1,0,1.9572509225790138,2.074414073630712,1.9549829677607016
0,1,1,0,0,0,1,1,1,1,2.13229374882381,2.2537257969885562,2.1265527738132097
0,1,1,0,0,1,0,0,0,0,1.1288188474054972,1.173591432966915,1.0295867633926
0,1,1,0,0,1,0,0,0,1,1.487109936083913,1.6121015553184734,1.503009833647155
0,1,1,0,0,1,0,0,1,0,1.593081573615108,1.7171057986954243,1.6074566771241832
0,1,1,0,0,1,0,0,1,1,1.8363445150894517,1.9722402087211035,1.8485532559170428
0,1,1,0,0,1,0,1,0,0,1.5515771896674209,1.6763213321913846,1.5643081454988041
0,1,1,0,0,1,0,1,0,1,1.7978337376691382,1.938770533572394,1.8123269212954598
0,1,1,0,0,1,0,1,1,0,1.8808288906573134,1.9979077326190575,1.872136456471002
0,1,1,0,0,1,0,1,1,1,2.067798221183049,2.1907059110923868,2.051674896698324
0,1,1,0,0,1,1,0,0,0,1.4458658529981436,1.5501432322798083,1.351151363936622
0,1,1,0,0,1,1,0,0,1,1.7186371954786548,1.8678176083624514,1.7379039554431752
0,1,1,0,0,1,1,0,1,0,1.8051933499654629,1.9438028220779586,1.82661071278796
0,1,1,0,0,1,1,0,1,1,2.0050586742857663,2.1541806248233906,2.0347797621587604
0,1,1,0,0,1,1,1,0,0,1.7734612475771316,1.9138936401999114,1.7889911585067708
0,1,1,0,0,1,1,1,0,1,1.9753148398213656,2.1280710268769556,2.0047217328767197
0,1,1,0,0,1,1,1,1,0,2.045568267750818,2.17489244021444,2.055307491663444
0,1,1,0,0,1,1,1,1,1,2.2061031226489924,2.340376809121235,2.2147240665239014
0,1,1,0,1,0,0,0,0,0,1.2490466860854597,1.3095008876496395,1.1367025728254114
0,1,1,0,1,0,0,0,0,1,1.5694276847615451,1.7025341118281063,1.5779601942198802
0,1,1,0,1,0,0,0,1,0,1.6679987482939478,1.7965226903228393,1.6739683586345995
0,1,1,0,1,0,0,0,1,1,1.894315828780663,2.035660449608846,1.9039565346230527
0,1,1,0,1,0,0,1,0,0,1.6310765236008162,1.7612547810889054,1.6363301284219567
0,1,1,0,1,0,0,1,0,1,1.860209116067486,2.0056248110635844,1.8728738821467918
0,1,1,0,1,0,0,1,1,0,1.936098096203585,2.0594191067672796,1.9298695087758992
0,1,1,0,1,0,0,1,1,1,2.114048513066583,2.243046538882551,2.102023146079127
0,1,1,0,1,0,1,0,0,0,1.5318376849546445,1.6422316021807144,1.4286872048270178
0,1,1,0,1,0,1,0,0,1,1.784092100901243,1.9364433415260311,1.7955494700213928
0,1,1,0,1,0,1,0,1,0,1.8638651730603408,2.0071574819574898,1.8787729879322566
0,1,1,0,1,0,1,0,1,1,2.052707197993958,2.2065661586747343,2.079062620739404
0,1,1,0,1,0,1,1,0,0,1.8363808182506993,1.9803113130155325,1.8462576183803607
0,1,1,0,1,0,1,1,0,1,2.0270788489103047,2.182433164909622,2.053471509307038
0,1,1,0,1,0,1,1,1,0,2.0907052469412797,2.226022346499027,2.1018810486348536
0,1,1,0,1,0,1,1,1,1,2.2446698139741166,2.3845197998264815,2.2554596971955267
0,1,1,0,1,1,0,0,0,0,1.4207584563122833,1.459199077040358,1.316217056342475
0,1,1,0,1,1,0,0,0,1,1.6982081998365532,1.8133070622913898,1.7058798379220717
0,1,1,0,1,1,0,0,1,0,1.7846970545653589,1.9073540996802745,1.7980778596535303
0,1,1,0,1,1,0,0,1,1,1.988746998994053,2.1262140841353707,2.008384095804636
0,1,1,0,1,1,0,1,0,0,1.749013765840119,1.8787022031302296,1.763458534977831
0,1,1,0,1,1,0,1,0,1,1.954821549734119,2.1000771234753457,1.9774994113816349
0,1,1,0,1,1,0,1,1,0,2.02540004227119,2.1553834454633556,2.0337709647229967
0,1,1,0,1,1,0,1,1,1,2.188577056902538,2.3238874659276445,2.192424594326907
0,1,1,0,1,1,1,0,0,0,1.6641939779866786,1.7586816445842737,1.565849659228246
0,1,1,0,1,1,1,0,0,1,1.888683682879478,2.0286349816461837,1.8982784135607615
0,1,1,0,1,1,1,0,1,0,1.9612324578553588,2.099523963633018,1.9780707361026386
0,1,1,0,1,1,1,0,1,1,2.1342018877974174,2.2844390136519,2.164186881178876
0,1,1,0,1,1,1,1,0,0,1.934623336266809,2.0773976445531734,1.947600492553693
0,1,1,0,1,1,1,1,0,1,2.1086138988982785,2.263270855049444,2.1385444761492023
0,1,1,0,1,1,1,1,1,0,2.1686537531395804,2.308150783265422,2.1863188177713844
0,1,1,0,1,1,1,1,1,1,2.311492203037536,2.4552456759063768,2.3299906759861067
0,1,1,1,0,0,0,0,0,0,1.463701778599053,1.5362230570092184,1.3712943284078694
0,1,1,1,0,0,0,0,0,1,1.732824508967363,1.8513832911718107,1.7201152612070294
0,1,1,1,0,0,0,0,1,0,1.8174316296181434,1.934338733893616,1.8097178212297411
0,1,1,1,0,0,0,0,1,1,2.014700689050902,2.142822096197458,2.0114693172851643
0,1,1,1,0,0,0,1,0,0,1.783245007366699,1.9029394077422865,1.7749366700785278
0,1,1,1,0,0,0,1,0,1,1.985519509120859,2.114460861575836,1.981400690891899
0,1,1,1,0,0,0,1,1,0,2.0540590593300005,2.165418550044671,2.0351471467290283
0,1,1,1,0,0,0,1,1,1,2.2143223452436858,2.3285988456479942,2.1903365797039265
0,1,1,1,0,0,1,0,0,0,1.7031671454050836,1.8056989224500521,1.618112224321607
0,1,1,1,0,0,1,0,0,1,1.920516710467216,2.054703449294942,1.9180070444576611
0,1,1,1,0,0,1,0,1,0,1.9915755325346278,2.1184339869271955,1.9948136677665012
0,1,1,1,0,0,1,0,1,1,2.158848768513436,2.296661393693372,2.1740505486804875
0,1,1,1,0,0,1,1,0,0,1.9650338143954278,2.095002325031208,1.9644994096271
0,1,1,1,0,0,1,1,0,1,2.136117827116586,2.2739637465557934,2.1484385289134567
0,1,1,1,0,0,1,1,1,0,2.1947251620780355,2.3153190482820554,2.194676676894125
0,1,1,1,0,0,1,1,1,1,2.3348868746749054,2.459104058885926,2.3348976405249333
0,1,1,1,0,1,0,0,0,0,1.601693950457051,1.6644984368282796,1.5188744892141377
0,1,1,1,0,1,0,0,0,1,1.8402483384239878,1.9531920514833512,1.8337855950098445
0,1,1,1,0,1,0,0,1,0,1.9165887195693532,2.0348172092548946,1.920369291232535
0,1,1,1,0,1,0,0,1,1,2.0979120256751815,2.228338873693166,2.1063972682493506
0,1,1,1,0,1,0,1,0,0,1.8835386576253228,2.008309982840669,1.887742337492482
0,1,1,1,0,1,0,1,0,1,2.067858474328479,2.2031989863055843,2.0768448153062273
0,1,1,1,0,1,0,1,1,0,2.132552586404416,2.2540918766019526,2.1300785911933895
0,1,1,1,0,1,0,1,1,1,2.281243917122768,2.406238012518839,2.2744027101130824
0,1,1,1,0,1,1,0,0,0,1.8146234043922889,1.9091787417614108,1.734673386022786
0,1,1,1,0,1,1,0,0,1,2.01065154099344,2.140470426292958,2.010437092297765
0,1,1,1,0,1,1,0,1,0,2.076990524633279,2.20362235628443,2.0843334706615186
0,1,1,1,0,1,1,0,1,1,2.2319716736991877,2.3707108388248646,2.2517645918283296
0,1,1,1,0,1,1,1,0,0,2.051381985375532,2.183483217838251,2.0553964794833353
0,1,1,1,0,1,1,1,0,1,2.208566348195259,2.350305178210272,2.22676481947828
0,1,1,1,0,1,1,1,1,0,2.264873391500355,2.3919132202768787,2.2721889962073285
0,1,1,1,0,1,1,1,1,1,2.395759967250672,2.527032768477788,2.4044248965176807
0,1,1,1,1,0,0,0,0,0,1.6767358438961042,1.7465258827680827,1.583490730946982
0,1,1,1,1,0,0,0,0,1,1.89810470174828,2.016529912599408,1.8872821636077768
0,1,1,1,1,0,0,0,1,0,1.970842918237143,2.0920976271213334,1.967125886590733
0,1,1,1,1,0,0,0,1,1,2.141948774018334,2.27789564136929,2.148694716349587
0,1,1,1,1,0,0,1,0,0,1.9406149351095854,2.0669858764869438,1.9371185282199805
0,1,1,1,1,0,0,1,0,1,2.1149686871230626,2.254053178092998,2.1227602017766207
0,1,1,1,1,0,0,1,1,0,2.175549659750399,2.3005622052463295,2.172526046277169
0,1,1,1,1,0,0,1,1,1,2.318019715897339,2.4485210547539613,2.313798204944538
0,1,1,1,1,0,1,0,0,0,1.8737992529966034,1.9737222904616525,1.7865581254911698
0,1,1,1,1,0,1,0,0,1,2.0593590185364574,2.193066111841774,2.0540549905530447
0,1,1,1,1,0,1,0,1,0,2.121660314202382,2.252567178133497,2.1239433690161946
0,1,1,1,1,0,1,0,1,1,2.2696133401861838,2.4136086738387945,2.2873089630976486
0,1,1,1,1,0,1,1,0,0,2.0980725781058647,2.23324378529898,2.097635124673714
0,1,1,1,1,0,1,1,0,1,2.2484518513618523,2.3942974409606594,2.2654940812956994
0,1,1,1,1,0,1,1,1,0,2.301042270962227,2.4328187433224246,2.3086041722969513
0,1,1,1,1,0,1,1,1,1,2.4272232551252175,2.5643276951233935,2.4376837167630745
0,1,1,1,1,1,0,0,0,0,1.7905196594380473,1.849592612566546,1.7054106390249326
0,1,1,1,1,1,0,0,0,1,1.9911867680224697,2.0996172283667724,1.9827481449845368
0,1,1,1,1,1,0,0,1,0,2.0579048710020658,2.1744326377303995,2.060030654100784
0,1,1,1,1,1,0,0,1,1,2.216585375024877,2.3483617726457298,2.229073896306889
0,1,1,1,1,1,0,1,0,0,2.0278752506007884,2.154029727670227,2.0323470840897917
0,1,1,1,1,1,0,1,0,1,2.1886101971635306,2.327636247096257,2.2035919593258666
0,1,1,1,1,1,0,1,1,0,2.246417055708021,2.37441635440079,2.2528281294289383
0,1,1,1,1,1,0,1,1,1,2.3794923443247638,2.513223035912955,2.3851178933581343
0,1,1,1,1,1,1,0,0,0,1.968990374231436,2.0599563732242645,1.8873574799206947
0,1,1,1,1,1,1,0,0,1,2.1391064432888554,2.264866005373464,2.1349514769116054
0,1,1,1,1,1,1,0,1,0,2.198005890021596,2.324072543231265,2.2023944089707874
0,1,1,1,1,1,1,0,1,1,2.336304953577163,2.47587062540262,2.3559907611029534
0,1,1,1,1,1,1,1,0,0,2.174392874704008,2.308197946726381,2.1775263817225063
0,1,1,1,1,1,1,1,0,1,2.3141610756427444,2.458921023862942,2.3344039196234476
0,1,1,1,1,1,1,1,1,0,2.3650061167846204,2.4978745267867533,2.376973318718628
0,1,1,1,1,1,1,1,1,1,2.483739618236597,2.622000216935101,2.499123881292972
1,0,0,0,0,0,0,0,0,0,0.744397299415001,0.8459698485564554,0.6676035394739493
1,0,0,0,0,0,0,0,0,1,1.2388971183569084,1.3669369391365327,1.2332233064629723
1,0,0,0,0,0,0,0,1,0,1.3659677764529268,1.4845718781507398,1.3475447854849778
1,0,0,0,0,0,0,0,1,1,1.6622750939964768,1.779920266027344,1.6292910382890742
1,0,0,0,0,0,0,1,0,0,1.3191269941863442,1.4309225400370236,1.3026556854759768
1,0,0,0,0,0,0,1,0,1,1.6236162092595001,1.7342436000393049,1.5911834212053748
1,0,0,0,0,0,0,1,1,0,1.7126503074694157,1.8003234586448227,1.6548501179394857
1,0,0,0,0,0,0,1,1,1,1.9302724633615518,2.017406601345713,1.858262848065363
1,0,0,0,0,0,1,0,0,0,1.1973782375550615,1.3210020438725236,1.1215459569639474
1,0,0,0,0,0,1,0,0,1,1.5362053735721148,1.678967498213394,1.5525975366332865
1,0,0,0,0,0,1,0,1,0,1.6347354285361142,1.7602055999523658,1.6463277917704735
1,0,0,0,0,0,1,0,1,1,1.8655244930119081,1.996516675645854,1.8776275805166216
1,0,0,0,0,0,1,1,0,0,1.6008614193568158,1.722007937276326,1.605809716284936
1,0,0,0,0,0,1,1,0,1,1.8379107079785775,1.9628022334774373,1.8457211900631898
1,0,0,0,0,0,1,1,1,0,1.910959962276201,2.013033722237984,1.899593888031329
1,0,0,0,0,0,1,1,1,1,2.09176792177571,2.195273961420333,2.072404223020283
1,0,0,0,0,1,0,0,0,0,1.0204563396911386,1.094184786830053,0.951897807617437
1,0,0,0,0,1,0,0,0,1,1.4144850584742388,1.5424333516642954,1.4249717961188026
1,0,0,0,0,1,0,0,1,0,1.5198008246001709,1.655961330694876,1.5327953062636668
1,0,0,0,0,1,0,0,1,1,1.7788098030358857,1.91750051717235,1.7794656939589
1,0,0,0,0,1,0,1,0,0,1.482293128147887,1.6147594246683068,1.492165806052329
1,0,0,0,0,1,0,1,0,1,1.7447253410411936,1.8792756855041588,1.7452341535064284
1,0,0,0,0,1,0,1,1,0,1.8248747469890139,1.9457660837845576,1.8076640993008857
1,0,0,0,0,1,0,1,1,1,2.020506631366304,2.1380688110473143,1.9888304488075284
1,0,0,0,0,1,1,0,0,0,1.3814761868195693,1.495006626967133,1.3065006535671833
1,0,0,0,0,1,1,0,0,1,1.6702044511484362,1.8154369367599519,1.6877552834675462
1,0,0,0,0,1,1,0,1,0,1.755644952528538,1.8946454206763268,1.7774346380784432
1,0,0,0,0,1,1,0,1,1,1.962856270634703,2.1096078056114957,1.9877306956438225
1,0,0,0,0,1,1,1,0,0,1.7278860173284556,1.864158449515379,1.7401134066931292
1,0,0,0,0,1,1,1,0,1,1.938360074782061,2.0804113708325356,1.9575774270152624
1,0,0,0,0,1,1,1,1,0,2.005593337258224,2.131543535225115,2.010984540721061
1,0,0,0,0,1,1,1,1,1,2.1708007373766827,2.296888747989886,2.169594274138663
1,0,0,0,1,0,0,0,0,0,1.1597802216712743,1.2468795491183535,1.0676410358280322
1,0,0,0,1,0,0,0,0,1,1.5067581668113732,1.6450953718771313,1.512488860038977
1,0,0,0,1,0,0,0,1,0,1.6060660180276414,1.7458256956326779,1.6086145036375747
1,0,0,0,1,0,0,0,1,1,1.8430624019745236,1.9896008357074486,1.8457205055772063
1,0,0,0,1,0,0,1,0,0,1.5691967260671684,1.7099323056591886,1.5720456302331856
1,0,0,0,1,0,0,1,0,1,1.8113523526672715,1.9565031308486662,1.815493904147016
1,0,0,0,1,0,0,1,1,0,1.886206852884988,2.0139060387958363,1.8718931884723868
1,0,0,0,1,0,0,1,1,1,2.0702493407249913,2.1984593090320255,2.0477652971626537
1,0,0,0,1,0,1,0,0,0,1.4753592145277643,1.5976038157589962,1.391238410714546
1,0,0,0,1,0,1,0,0,1,1.7398265611623136,1.8918285657905214,1.7533994537373452
1,0,0,0,1,0,1,0,1,0,1.820209727937486,1.96504864691973,1.8363151315852115
1,0,0,0,1,0,1,0,1,1,2.014199062251301,2.167207044055834,2.03868842912847
1,0,0,0,1,0,1,1,0,0,1.7927493109105856,1.937156868212114,1.8033156698724038
1,0,0,0,1,0,1,1,0,1,1.9903431300721253,2.141493414929546,2.0133865790659375
1,0,0,0,1,0,1,1,1,0,2.0539406949672183,2.1864391582037714,2.0616816405039717
1,0,0,0,1,0,1,1,1,1,2.210779779165602,2.3457574075074645,2.2159799016971595
1,0,0,0,1,1,0,0,0,0,1.3487350834012801,1.4113579101834974,1.2629184047710083
1,0,0,0,1,1,0,0,0,1,1.6448195192726693,1.7679916093597232,1.6511491573257226
1,0,0,0,1,1,0,0,1,0,1.7292748458701181,1.866904890451265,1.7426881713615154
1,0,0,0,1,1,0,0,1,1,1.9425199725650786,2.0891748325380686,1.9569205534405265
1,0,0,0,1,1,0,1,0,0,1.698267467976024,1.8386324590780863,1.7101064673845137
1,0,0,0,1,1,0,1,0,1,1.9133104510012593,2.061365659542706,1.9297862572121915
1,0,0,0,1,1,0,1,1,0,1.9813666806763306,2.119570607736679,1.9849979468121193
1,0,0,0,1,1,0,1,1,1,2.1497508616306162,2.2877598597695528,2.1456608298793176
1,0,0,0,1,1,1,0,0,0,1.6174878112311806,1.7244073283621244,1.5353262755487644
1,0,0,0,1,1,1,0,0,1,1.8514368595584463,1.9941922911656214,1.8624364190052094
1,0,0,0,1,1,1,0,1,0,1.9220484357831171,2.0659032084317865,1.9415216810773186
1,0,0,0,1,1,1,0,1,1,2.099756751276836,2.253545549018219,2.1285805193795984
1,0,0,0,1,1,1,1,0,0,1.898101014218273,2.0433776205905,1.9116268416168776
1,0,0,0,1,1,1,1,0,1,2.0775326868427855,2.2312480283363434,2.1049667947834276
1,0,0,0,1,1,1,1,1,0,2.135987304503469,2.2767617574042305,2.152266872878305
1,0,0,0,1,1,1,1,1,1,2.281554945197865,2.424444133816596,2.295818657283962
1,0,0,1,0,0,0,0,0,0,1.3840935297724635,1.477454643562577,1.3082638181162207
1,0,0,1,0,0,0,0,0,1,1.677217791961034,1.7940736917098117,1.6566179754634858
1,0,0,1,0,0,0,0,1,0,1.7629757642261357,1.880402545970512,1.7510442567705276
1,0,0,1,0,0,0,0,1,1,1.971302612542965,2.091208378347311,1.9545826481773179
1,0,0,1,0,0,0,1,0,0,1.7246293009814433,1.8467118001221352,1.7138031441026889
1,0,0,1,0,0,0,1,0,1,1.9396243821455037,2.061886044153939,1.924231731140761
1,0,0,1,0,0,0,1,1,0,2.006055311624573,2.1147647522320296,1.9810457251735785
1,0,0,1,0,0,0,1,1,1,2.173189013681326,2.2786264660803335,2.1365864644522565
1,0,0,1,0,0,1,0,0,0,1.6548884638811165,1.7548209871560572,1.5743310935154229
1,0,0,1,0,0,1,0,0,1,1.8830193483591298,2.0042066682122335,1.87168330089608
1,0,0,1,0,0,1,0,1,0,1.9541636102418414,2.070451147659544,1.9529321956854289
1,0,0,1,0,0,1,0,1,1,2.126572702679353,2.25112404430701,2.1328859487682688
1,0,0,1,0,0,1,1,0,0,1.9269456401575187,2.0444248350623333,1.919992056380992
1,0,0,1,0,0,1,1,0,1,2.1040054452431143,2.226712739474715,2.106503002941887
1,0,0,1,0,0,1,1,1,0,2.1608861179412893,2.2694656155934783,2.1552582554896236
1,0,0,1,0,0,1,1,1,1,2.304353659585907,2.4145085161915865,2.295306973106472
1,0,0,1,0,1,0,0,0,0,1.5388053238804975,1.620061097271001,1.4701569419572793
1,0,0,1,0,1,0,0,0,1,1.7938690600289589,1.9087389275310405,1.782518906254448
1,0,0,1,0,1,0,0,1,0,1.8702769700543747,1.9913204658729105,1.8724748596165721
1,0,0,1,0,1,0,0,1,1,2.0594123778418014,2.1864656075817903,2.058645328561282
1,0,0,1,0,1,0,1,0,0,1.8368513489020457,1.9642372280572569,1.8379476377967934
1,0,0,1,0,1,0,1,0,1,2.0299502334530755,2.1616065659553274,2.0303835478562355
1,0,0,1,0,1,0,1,1,0,2.0919146157808477,2.2135570001319427,2.0851240628094065
1,0,0,1,0,1,0,1,1,1,2.245845603752308,2.3653362059951215,2.2290694741093877
1,0,0,1,0,1,1,0,0,0,1.7752876928769892,1.8713592159102002,1.6995166736555327
1,0,0,1,0,1,1,0,0,1,1.9794003440098051,2.1021588707831165,1.9718602590696424
1,0,0,1,0,1,1,0,1,0,2.044598481495909,2.1661231865422867,2.049526158202707
1,0,0,1,0,1,1,0,1,1,2.203375189737789,2.3349172491379173,2.2168900447228537
1,0,0,1,0,1,1,1,0,0,2.0202977954077848,2.144170578453863,2.018382338179071
1,0,0,1,0,1,1,1,0,1,2.182003492259382,2.313494895077016,2.19171800178317
1,0,0,1,0,1,1,1,1,0,2.2359128516381297,2.355898816439729,2.2389878131598837
1,0,0,1,0,1,1,1,1,1,2.3694435603677557,2.4913792292316774,2.370362452011447
1,0,0,1,1,0,0,0,0,0,1.6243393124140368,1.7096736944475739,1.5397115575865201
1,0,0,1,1,0,0,0,0,1,1.857579986911654,1.979254508615684,1.8423291465645264
1,0,0,1,1,0,0,0,1,0,1.9319216066043412,2.055673603630077,1.92396389730634
1,0,0,1,1,0,0,0,1,1,2.107080195339825,2.242265325605351,2.106467745953763
1,0,0,1,1,0,0,1,0,0,1.8972761804013825,2.0314260472173604,1.8939120541326522
1,0,0,1,1,0,0,1,0,1,2.0788432077551153,2.218823585976304,2.0821490315714386
1,0,0,1,1,0,0,1,1,0,2.1379160214457857,2.265963429532171,2.1328562006086886
1,0,0,1,1,0,0,1,1,1,2.2838571774168943,2.4134021827108723,2.2741419417329896
1,0,0,1,1,0,1,0,0,0,1.838839589270378,1.9419196465384583,1.7552911414464596
1,0,0,1,1,0,1,0,0,1,2.0303370836530847,2.1601168570102884,2.0197870640793183
1,0,0,1,1,0,1,0,1,0,2.093487415858032,2.2202336370473286,2.0918538355458387
1,0,0,1,1,0,1,0,1,1,2.243319745594569,2.3821427837851057,2.2555331852061338
1,0,0,1,1,0,1,1,0,0,2.0674152987017766,2.1999965193473514,2.0649816164027395
1,0,0,1,1,0,1,1,0,1,2.2212670969552843,2.3620475547627104,2.234434543112749
1,0,0,1,1,0,1,1,1,0,2.2734545974520066,2.400739950651923,2.278563540329697
1,0,0,1,1,0,1,1,1,1,2.401002454651234,2.5325363920570294,2.4072279781539234
1,0,0,1,1,1,0,0,0,0,1.7477393370341738,1.8202896996782132,1.6692631924488592
1,0,0,1,1,1,0,0,0,1,1.957077258968893,2.0696579689133854,1.9448012844486142
1,0,0,1,1,1,0,0,1,0,2.0243565599355504,2.143199475665953,2.0222880357718904
1,0,0,1,1,1,0,0,1,1,2.185999283920967,2.318151621780309,2.191705308524008
1,0,0,1,1,1,0,1,0,0,1.9931247313289377,2.1243064949814,1.995258763551628
1,0,0,1,1,1,0,1,0,1,2.158797796303179,2.298757990882072,2.16947367378914
1,0,0,1,1,1,0,1,1,0,2.2143656619785133,2.344972938232965,2.2179513517084355
1,0,0,1,1,1,0,1,1,1,2.3501131113924814,2.4832794663389954,2.350222569665042
1,0,0,1,1,1,1,0,0,0,1.9408449459168282,2.0349566604095664,1.8614164395801212
1,0,0,1,1,1,1,0,0,1,2.1150978389656783,2.2392273938698453,2.106038758507525
1,0,0,1,1,1,1,0,1,0,2.173878858790888,2.2971150695069045,2.174583906574623
1,0,0,1,1,1,1,0,1,1,2.313379036596191,2.4501288957833496,2.328383696279404
1,0,0,1,1,1,1,1,0,0,2.149681033491179,2.280605580443782,2.149466865372245
1,0,0,1,1,1,1,1,0,1,2.291777277814534,2.4329964285370105,2.308334448294365
1,0,0,1,1,1,1,1,1,0,2.34144119570135,2.4708903023450266,2.3506323185923605
1,0,0,1,1,1,1,1,1,1,2.461256764979742,2.595546699382271,2.4724452112667605
1,0,1,0,0,0,0,0,0,0,1.0423036190489094,1.1112842900904423,0.961300882559506
1,0,1,0,0,0,0,0,0,1,1.424536208573425,1.5558301635189373,1.4243940393082404
1,0,1,0,0,0,0,0,1,0,1.5369514270695248,1.6665010135810199,1.5292732580740844
1,0,1,0,0,0,0,0,1,1,1.788556786394882,1.928163623754547,1.776671747100784
1,0,1,0,0,0,0,1,0,0,1.493103465572584,1.6232495004027963,1.4877804522288902
1,0,1,0,0,0,0,1,0,1,1.7514371012632461,1.8880001792336256,1.740123698035543
1,0,1,0,0,0,0,1,1,0,1.8350050060613659,1.951343506025832,1.799877944928899
1,0,1,0,0,0,0,1,1,1,2.0279435367580922,2.1458556466637533,1.9831702180824666
1,0,1,0,0,0,1,0,0,0,1.3935695070864624,1.5007070598127021,1.3117440954707495
1,0,1,0,0,0,1,0,0,1,1.6769397439925722,1.8202576513650968,1.6858776457619271
1,0,1,0,0,0,1,0,1,0,1.7668917512769702,1.8993950322378599,1.774327944250471
1,0,1,0,0,0,1,0,1,1,1.97031125886766,2.1145771156708486,1.9850599944077905
1,0,1,0,0,0,1,1,0,0,1.7334406381413758,1.8677612201533975,1.7374147499130421
1,0,1,0,0,0,1,1,0,1,1.9430456257572597,2.0845706399743102,1.9539708208371451
1,0,1,0,0,0,1,1,1,0,2.0120726773366338,2.13399960011087,2.005417777272325
1,0,1,0,0,0,1,1,1,1,2.1761760909724117,2.3009689509546574,2.1656400236503885
1,0,1,0,0,1,0,0,0,0,1.2559896117993077,1.2923995785596123,1.1788517379667756
1,0,1,0,0,1,0,0,0,1,1.5740664107758648,1.688364466141976,1.5796685338560794
1,0,1,0,0,1,0,0,1,0,1.6690921707328137,1.7944565222205378,1.6786506517277617
1,0,1,0,0,1,0,0,1,1,1.893258232202203,2.0335905379513965,1.9007692696325178
1,0,1,0,0,1,0,1,0,0,1.6318924080957848,1.7599608648658358,1.6404054294946464
1,0,1,0,0,1,0,1,0,1,1.8591137277194874,1.9991525938038057,1.8670105369836898
1,0,1,0,0,1,0,1,1,0,1.9352148533910862,2.0616523622758804,1.9256093683842666
1,0,1,0,0,1,0,1,1,1,2.1109226193119808,2.2396804133587604,2.092588204936855
1,0,1,0,0,1,1,0,0,0,1.5499369504475276,1.6369948717143643,1.4668127040629477
1,0,1,0,0,1,1,0,0,1,1.7961060816494039,1.9291925258969111,1.8034937894715426
1,0,1,0,0,1,1,0,1,0,1.8752589492584302,2.0050703417088545,1.8867821144252608
1,0,1,0,0,1,1,0,1,1,2.059841549188569,2.2049478917057423,2.0813644077271047
1,0,1,0,0,1,1,1,0,0,1.8458237043118086,1.979461464346759,1.8530125955204504
1,0,1,0,0,1,1,1,0,1,2.034218522032586,2.1787480086877875,2.05214685098278
1,0,1,0,0,1,1,1,1,0,2.098371938984061,2.2274826900183955,2.102280758609562
1,0,1,0,0,1,1,1,1,1,2.2496832224214476,2.382643261469576,2.2514808771223906
1,0,1,0,1,0,0,0,0,0,1.3596456263301904,1.419773656924091,1.2696893656727446
1,0,1,0,1,0,0,0,0,1,1.6496533442975898,1.7790193204375058,1.6542499675596058
1,0,1,0,1,0,0,0,1,0,1.7393546770809605,1.8722080306151025,1.7425357255667064
1,0,1,0,1,0,0,0,1,1,1.9479328765441526,2.0976559319512895,1.9577891764929283
1,0,1,0,1,0,0,1,0,0,1.7050989697252483,1.843715975928933,1.7098339277633106
1,0,1,0,1,0,0,1,0,1,1.9180596877556597,2.068933503702333,1.929489093059558
1,0,1,0,1,0,0,1,1,0,1.9886560252843046,2.1230441465196623,1.9823568906444278
1,0,1,0,1,0,0,1,1,1,2.155495627443847,2.294327047746557,2.1447600876013158
1,0,1,0,1,0,1,0,0,0,1.6240705334584702,1.727021117891868,1.5377270863232642
1,0,1,0,1,0,1,0,0,1,1.8550969817281,1.9989588410981742,1.8624130772453193
1,0,1,0,1,0,1,0,1,0,1.929184287386091,2.0685783267265556,1.9397195698033345
1,0,1,0,1,0,1,0,1,1,2.1042653414980625,2.2581678130062444,2.1277765164701936
1,0,1,0,1,0,1,1,0,0,1.9028184833241737,2.0460593751978333,1.9102905409507234
1,0,1,0,1,0,1,1,0,1,2.0817445678890656,2.2358016960511056,2.103739062072852
1,0,1,0,1,0,1,1,1,0,2.1414418931976886,2.278887710514617,2.149529688956762
1,0,1,0,1,0,1,1,1,1,2.2861992548166596,2.4286669956522515,2.294602247133178
1,0,1,0,1,1,0,0,0,0,1.5199795578905126,1.5534335226560232,1.4310726449734075
1,0,1,0,1,1,0,0,0,1,1.7715969199354682,1.8806170923919314,1.7732387369212579
1,0,1,0,1,1,0,0,1,0,1.8500145927327796,1.9718577964356199,1.8576194320692603
1,0,1,0,1,1,0,0,1,1,2.039412889915862,2.1805373336619196,2.054782698263824
1,0,1,0,1,1,0,1,0,0,1.8191944111169822,1.9486884804650821,1.8272725492855661
1,0,1,0,1,1,0,1,0,1,2.0103688789035252,2.15584099489114,2.028276328243094
1,0,1,0,1,1,0,1,1,0,2.0758616861506587,2.2103330909600443,2.0802233561939523
1,0,1,0,1,1,0,1,1,1,2.22960756624992,2.369120462605173,2.2306356551307767
1,0,1,0,1,1,1,0,0,0,1.7497429537647755,1.8333115475814996,1.6628724951240554
1,0,1,0,1,1,1,0,0,1,1.9560744405179542,2.0857088998724076,1.959555052172196
1,0,1,0,1,1,1,0,1,0,2.022618597391169,2.153229347537314,2.0327257219735646
1,0,1,0,1,1,1,0,1,1,2.1839531979461504,2.3311436318601353,2.208319813848065
1,0,1,0,1,1,1,1,0,0,1.9980302670746242,2.1349402110807065,2.00566471747211
1,0,1,0,1,1,1,1,0,1,2.161637232055056,2.311576065835857,2.185430245511193
1,0,1,0,1,1,1,1,1,0,2.2176422217177585,2.354672435110961,2.230016183942661
1,0,1,0,1,1,1,1,1,1,2.352599953373678,2.4952733028021354,2.3663301468688727
1,0,1,1,0,0,0,0,0,0,1.5516148908809253,1.6236976601905069,1.4710552010040852
1,0,1,1,0,0,0,0,0,1,1.8009452898890719,1.91421694406006,1.7814689299084425
1,0,1,1,0,0,0,0,1,0,1.8804314991803313,1.9973605643185366,1.8689135223902924
1,0,1,1,0,0,0,0,1,1,2.0644729245936606,2.1938034737356302,2.057649192956743
1,0,1,1,0,0,0,1,0,0,1.8452298947472652,1.9673420989058092,1.8345366466814206
1,0,1,1,0,0,0,1,0,1,2.0352968645768112,2.1659866707020963,2.0274662094216995
1,0,1,1,0,0,0,1,1,0,2.0996367187459177,2.2173135556683468,2.080949483487286
1,0,1,1,0,0,0,1,1,1,2.2509254832287997,2.370744337951181,2.226782513641947
1,0,1,1,0,0,1,0,0,0,1.7824442535572433,1.8729572591744243,1.6998032776285623
1,0,1,1,0,0,1,0,0,1,1.9847917296489817,2.105045841531576,1.9704310885574186
1,0,1,1,0,0,1,0,1,0,2.051840408836822,2.169546274756188,2.0466877643828556
1,0,1,1,0,0,1,0,1,1,2.2081850017181095,2.3394215784629817,2.2157410505963036
1,0,1,1,0,0,1,1,0,0,2.0246457840281162,2.1463006145029695,2.0159870879414097
1,0,1,1,0,0,1,1,0,1,2.185970582609304,2.3163242208830384,2.1891697660126033
1,0,1,1,0,0,1,1,1,0,2.241562830211069,2.3585230903403955,2.235522418723408
1,0,1,1,0,0,1,1,1,1,2.3738633136354013,2.4951189745565947,2.3682812746666864
1,0,1,1,0,1,0,0,0,0,1.683713861562978,1.741738689115753,1.6088003136188245
1,0,1,1,0,1,0,0,0,1,1.904824187482312,2.009801639731919,1.8905029082505818
1,0,1,1,0,1,0,0,1,0,1.9764027993067141,2.089012684916117,1.9736091395359314
1,0,1,1,0,1,0,0,1,1,2.1453741563101456,2.2729909970343516,2.1481210543771767
1,0,1,1,0,1,0,1,0,0,1.9443411040589806,2.0647011537202427,1.94177210528351
1,0,1,1,0,1,0,1,0,1,2.1174399254640965,2.249081807322064,2.1199648769560833
1,0,1,1,0,1,0,1,1,0,2.1779036763320367,2.2992164793665895,2.171590792582012
1,0,1,1,0,1,0,1,1,1,2.3184539717885566,2.4430756361231967,2.3077939343969547
1,0,1,1,0,1,1,0,0,0,1.8899603340410156,1.9711723485422519,1.8100621210912033
1,0,1,1,0,1,1,0,0,1,2.07281123738227,2.1877176085056496,2.0598738969512946
1,0,1,1,0,1,1,0,1,0,2.134509073749808,2.24963232764574,2.1320925053195343
1,0,1,1,0,1,1,0,1,1,2.2795298712368943,2.4098562251922013,2.2906430653622984
1,0,1,1,0,1,1,1,0,0,2.1094210776355746,2.230214394138371,2.1036033362970716
1,0,1,1,0,1,1,1,0,1,2.2580584150145513,2.3894913079993065,2.2656265582709714
1,0,1,1,0,1,1,1,1,0,2.3107745604284897,2.431021885519451,2.310344672919128
1,0,1,1,0,1,1,1,1,1,2.4347777560187467,2.5599299433019613,2.4357879647810763
1,0,1,1,1,0,0,0,0,0,1.7551302500587855,1.8216869177372443,1.6687184916420936
1,0,1,1,1,0,0,0,0,1,1.9605296899848959,2.0743000683495194,1.944548570416497
1,0,1,1,1,0,0,0,1,0,2.02967445889977,2.147556268636519,2.0200049618017544
1,0,1,1,1,0,0,0,1,1,2.188258025912359,2.3242812471700893,2.191693967867161
1,0,1,1,1,0,0,1,0,0,1.9984337941675248,2.125587553985256,1.9918040865506812
1,0,1,1,1,0,0,1,0,1,2.1624712367631216,2.301999264162555,2.167430256399285
1,0,1,1,1,0,0,1,1,0,2.219650795096649,2.347839662001327,2.2150784053482404
1,0,1,1,1,0,0,1,1,1,2.3538738666286143,2.4877605534487888,2.349297932132479
1,0,1,1,1,0,1,0,0,0,1.943901495843234,2.035742620020184,1.8604142411592808
1,0,1,1,1,0,1,0,0,1,2.1176428550421043,2.2421647578137187,2.104939681084496
1,0,1,1,1,0,1,0,1,0,2.1768542730350795,2.3003592346962902,2.172648243589338
1,0,1,1,1,0,1,0,1,1,2.315235835139047,2.454615226633034,2.3277423688962733
1,0,1,1,1,0,1,1,0,0,2.1520815542091545,2.2823638525190195,2.147188390505892
1,0,1,1,1,0,1,1,0,1,2.294545924831044,2.435892991442718,2.3064648400690673
1,0,1,1,1,0,1,1,1,0,2.34497173136046,2.4738186010739245,2.348487696474667
1,0,1,1,1,0,1,1,1,1,2.4641605388396552,2.5994441847929934,2.4714734046468276
1,0,1,1,1,1,0,0,0,0,1.8643301406119452,1.9171760188207525,1.7829238771388602
1,0,1,1,1,1,0,0,0,1,2.0506353755527424,2.152609079033957,2.0360276996277897
1,0,1,1,1,1,0,0,1,0,2.1142178984724085,2.2230814626332664,2.1078710384217163
1,0,1,1,1,1,0,0,1,1,2.261487807114797,2.3900062475088704,2.2684360956780267
1,0,1,1,1,1,0,1,0,0,2.084809645616538,2.2057528879842274,2.082326936110559
1,0,1,1,1,1,0,1,0,1,2.2358585362237386,2.3712096272798417,2.245787525715049
1,0,1,1,1,1,0,1,1,0,2.290373825520226,2.4162143845975614,2.291716452676447
1,0,1,1,1,1,0,1,1,1,2.415897695843129,2.5484712088389183,2.4181065328451803
1,0,1,1,1,1,1,0,0,0,2.0366347327175744,2.116864345611081,1.9556674646105552
1,0,1,1,1,1,1,0,0,1,2.1959309494081345,2.3111012326120464,2.1831670920782713
1,0,1,1,1,1,1,0,1,0,2.2514431106771298,2.3669881118039497,2.247246176820743
1,0,1,1,1,1,1,0,1,1,2.3809035428568874,2.5136684392598236,2.3938879803682513
1,0,1,1,1,1,1,1,0,0,2.2277344917103807,2.3524105314787773,2.22373884666969
1,0,1,1,1,1,1,1,0,1,2.3601625628145313,2.497506048060319,2.3736479112042597
1,0,1,1,1,1,1,1,1,0,2.4084971733805447,2.5346801746401435,2.4139856668271364
1,0,1,1,1,1,1,1,1,1,2.5209226992046827,2.6542585228176967,2.5309601318626873
1,1,0,0,0,0,0,0,0,0,1.3637678549106809,1.463531914086093,1.2667710205375295
1,1,0,0,0,0,0,0,0,1,1.6599876791270372,1.7821746176150641,1.6484124078558753
1,1,0,0,0,0,0,0,1,0,1.753311591640588,1.8600292829641447,1.7417947376671334
1,1,0,0,0,0,0,0,1,1,1.9635959182653795,2.0770044319663463,1.9542209225884948
1,1,0,0,0,0,0,1,0,0,1.7129224450088651,1.8302619334734263,1.7099609745556377
1,1,0,0,0,0,0,1,0,1,1.9281470086417243,2.0491011306951608,1.9252402050355075
1,1,0,0,0,0,0,1,1,0,2.0004442089304777,2.0979873842205485,1.9809416379756348
1,1,0,0,0,0,0,1,1,1,2.168079665840179,2.2673077957212744,2.140566412664881
1,1,0,0,0,0,1,0,0,0,1.6301910433417433,1.745083212863036,1.5398841629998568
1,1,0,0,0,0,1,0,0,1,1.8623631669251695,1.9979455022405055,1.8616613539301785
1,1,0,0,0,0,1,0,1,0,1.9403380765320337,2.0571971854992577,1.9400103645101932
1,1,0,0,0,0,1,0,1,1,2.116213353836891,2.2421062540078833,2.1271717820114655
1,1,0,0,0,0,1,1,0,0,1.909700693615319,2.0333823956781623,1.912493793596525
1,1,0,0,0,0,1,1,0,1,2.088614855655081,2.219769556513015,2.1035913304843086
1,1,0,0,0,0,1,1,1,0,2.1507794159411247,2.258279204293797,2.150341162797586
1,1,0,0,0,0,1,1,1,1,2.2959402106787317,2.407552700533552,2.294259667832508
1,1,0,0,0,1,0,0,0,0,1.5210092228222987,1.6129878521375391,1.4313649565372546
1,1,0,0,0,1,0,0,0,1,1.7776089623304385,1.9014325925230136,1.772778792898891
1,1,0,0,0,1,0,0,1,0,1.8589541769329736,1.9798489421171808,1.862422999877018
1,1,0,0,0,1,0,0,1,1,2.049414401302307,2.1780269650298467,2.0569079996540327
1,1,0,0,0,1,0,1,0,0,1.8237687383126078,1.954355092365841,1.8329328553856603
1,1,0,0,0,1,0,1,0,1,2.017127138970488,2.153567023158316,2.029745723974699
1,1,0,0,0,1,0,1,1,0,2.0835819654058936,2.2035606473731715,2.0844530024510917
1,1,0,0,0,1,0,1,1,1,2.237951024925266,2.358841945768413,2.2319790939059065
1,1,0,0,0,1,1,0,0,0,1.7530578721855374,1.8656285179804872,1.6665817920672121
1,1,0,0,0,1,1,0,0,1,1.959788522292007,2.0988058207470277,1.960932443157646
1,1,0,0,0,1,1,0,1,0,2.0300209540121505,2.1578396275563474,2.0368932838380593
1,1,0,0,0,1,1,0,1,1,2.191400481218968,2.3298192722855937,2.210990006698511
1,1,0,0,0,1,1,1,0,0,2.0034564070032714,2.1376676650566035,2.010713861754482
1,1,0,0,0,1,1,1,0,1,2.1662786803303407,2.3097271308677843,2.1879164571260215
1,1,0,0,0,1,1,1,1,0,2.2245264842063865,2.349176607420029,2.234311839234053
1,1,0,0,0,1,1,1,1,1,2.3593825462239235,2.4879711173412478,2.369086568458193
1,1,0,0,1,0,0,0,0,0,1.6061376309423734,1.70063750818553,1.501949407717328
1,1,0,0,1,0,0,0,0,1,1.8418399700371793,1.9689787183466774,1.8291677289315693
1,1,0,0,1,0,0,0,1,0,1.9195531808818955,2.0418244837830573,1.9121708890987412
1,1,0,0,1,0,0,0,1,1,2.0990250805662902,2.230834163777393,2.100791686008906
1,1,0,0,1,0,0,1,0,0,1.8847869693922736,2.018216416676942,1.8845951367698577
1,1,0,0,1,0,0,1,0,1,2.067643392307617,2.2070077051590085,2.0761636791849174
1,1,0,0,1,0,0,1,1,0,2.130282877497418,2.2529349795071285,2.1281223964014404
1,1,0,0,1,0,0,1,1,1,2.278158342124892,2.4033180485875643,2.272199636951886
1,1,0,0,1,0,1,0,0,0,1.8176798378828345,1.9349725719318576,1.7238351284649989
1,1,0,0,1,0,1,0,0,1,2.012363513647556,2.153818399754026,2.0075359948861857
1,1,0,0,1,0,1,0,1,0,2.0790890284741654,2.2099619019342756,2.078883021034299
1,1,0,0,1,0,1,0,1,1,2.233025268530276,2.374219068997779,2.247923881685043
1,1,0,0,1,0,1,1,0,0,2.0517263133269537,2.190948247851366,2.055800224335857
1,1,0,0,1,0,1,1,0,1,2.207737050677039,2.3550344021600544,2.2284468591547135
1,1,0,0,1,0,1,1,1,0,2.2628059559342955,2.3914871456479294,2.2721857131875858
1,1,0,0,1,0,1,1,1,1,2.3927635766181785,2.525970974518142,2.4038540391880265
1,1,0,0,1,1,0,0,0,0,1.730151815630286,1.814894243854119,1.6336527776493337
1,1,0,0,1,1,0,0,0,1,1.940686522008766,2.062275733000488,1.9312253854328907
1,1,0,0,1,1,0,0,1,0,2.0102017776469654,2.134908163133679,2.010615924128206
1,1,0,0,1,1,0,0,1,1,2.174945583670518,2.3102942467995073,2.185829507468305
1,1,0,0,1,1,0,1,0,0,1.978633569806269,2.1150905046686477,1.9857270882439242
1,1,0,0,1,1,0,1,0,1,2.1456185367020546,2.2896988090408796,2.16297879570131
1,1,0,0,1,1,0,1,1,0,2.203983108550937,2.336439414939127,2.213752984364889
1,1,0,0,1,1,0,1,1,1,2.341391902719338,2.4762344877808533,2.3482688191151024
1,1,0,0,1,1,1,0,0,0,1.919898197726497,2.0310141736023555,1.8306061215860274
1,1,0,0,1,1,1,0,0,1,2.097017145335345,2.235386239641668,2.092989256805712
1,1,0,0,1,1,1,0,1,0,2.157907851034423,2.290916430153679,2.1615140072395422
1,1,0,0,1,1,1,0,1,1,2.301050945908396,2.445316507683274,2.3203712710664033
1,1,0,0,1,1,1,1,0,0,2.1328344961456835,2.275276719091924,2.1398497684262514
1,1,0,0,1,1,1,1,0,1,2.27704812984896,2.4285253290308018,2.3013612777289003
1,1,0,0,1,1,1,1,1,0,2.3288739933623974,2.4656906239972343,2.344448521731421
1,1,0,0,1,1,1,1,1,1,2.450851822109323,2.5919855499323257,2.468617007888579
1,1,0,1,0,0,0,0,0,0,1.7627387256926743,1.8501870875705726,1.6675290991769451
1,1,0,1,0,0,0,0,0,1,1.9714468439930801,2.081378232603608,1.9410467634932975
1,1,0,1,0,0,0,0,1,0,2.04068879985285,2.144527902786081,2.0212093484182985
1,1,0,1,0,0,0,0,1,1,2.201551788435266,2.313805444715806,2.189452781334699
1,1,0,1,0,0,0,1,0,0,2.0064936859105735,2.1227635735768233,1.9934407157796248
1,1,0,1,0,0,0,1,0,1,2.172183048600045,2.293305587931918,2.1649525138468473
1,1,0,1,0,0,0,1,1,0,2.229845737877083,2.335028702188714,2.215543867956114
1,1,0,1,0,0,0,1,1,1,2.3653967343040447,2.471824320307322,2.3465105325436686
1,1,0,1,0,0,1,0,0,0,1.9526636736005165,2.0497491246513984,1.860881545587984
1,1,0,1,0,0,1,0,0,1,2.1258906808007594,2.244461719741737,2.103945749793795
1,1,0,1,0,0,1,0,1,0,2.1864978555406327,2.2943901363440724,2.172642949452818
1,1,0,1,0,0,1,0,1,1,2.3253899142438175,2.444322503622867,2.326336475245058
1,1,0,1,0,0,1,1,0,0,2.1606770538318965,2.277420254902901,2.149541024732819
1,1,0,1,0,0,1,1,0,1,2.3026710416576273,2.4274722276880087,2.306384070009847
1,1,0,1,0,0,1,1,1,0,2.3537183510355106,2.4610619872024757,2.349528961044203
1,1,0,1,0,0,1,1,1,1,2.473252972984257,2.585292575899618,2.470765525595404
1,1,0,1,0,1,0,0,0,0,1.8691898864964576,1.953286688394074,1.7816185540504377
1,1,0,1,0,1,0,0,0,1,2.0575666344276726,2.168590377826642,2.033510433118164
1,1,0,1,0,1,0,0,1,0,2.1213183684171693,2.2309155940656544,2.1110496039695903
1,1,0,1,0,1,0,0,1,1,2.2707483329796814,2.3896952834581744,2.268311963913197
1,1,0,1,0,1,0,1,0,0,2.090849160717109,2.212070627061118,2.0846110382669445
1,1,0,1,0,1,0,1,0,1,2.2433813185981433,2.371581345026061,2.244518412834868
1,1,0,1,0,1,0,1,1,0,2.2976023922401927,2.4132045455944655,2.294125820464107
1,1,0,1,0,1,0,1,1,1,2.424423863547297,2.541980196540915,2.4174559525484707
1,1,0,1,0,1,1,0,0,0,2.0416516605986446,2.1387322749077717,1.9562852605271723
1,1,0,1,0,1,1,0,0,1,2.2004219952711614,2.321711138647495,2.1825203829899076
1,1,0,1,0,1,1,0,1,0,2.2575700223523305,2.371064563827124,2.249273277701272
1,1,0,1,0,1,1,0,1,1,2.3875959593863656,2.512776611936652,2.3940799293128143
1,1,0,1,0,1,1,1,0,0,2.2341756720019244,2.35592270860415,2.2265269217134303
1,1,0,1,0,1,1,1,0,1,2.3659697593141336,2.4974035428377266,2.3740694213546547
1,1,0,1,0,1,1,1,1,0,2.4147763234699764,2.5311498307465983,2.416583731206758
1,1,0,1,0,1,1,1,1,1,2.5274363969155917,2.6488038835065955,2.5316699313952484
1,1,0,1,1,0,0,0,0,0,1.9299253536533885,2.017490297474829,1.8326416342752934
1,1,0,1,1,0,0,0,0,1,2.1063483200943263,2.221499430618148,2.0777988063715354
1,1,0,1,1,0,0,0,1,0,2.1674871975329486,2.2806808927770965,2.1500476687350125
1,1,0,1,1,0,0,0,1,1,2.3093145627483316,2.4338763058772432,2.3044464276290366
1,1,0,1,1,0,0,1,0,0,2.1367961873005905,2.262988364943676,2.126105686236921
1,1,0,1,1,0,0,1,0,1,2.282290041559527,2.415820867520402,2.2834636773988266
1,1,0,1,1,0,0,1,1,0,2.334187244073125,2.4547984658945436,2.3304836077964453
1,1,0,1,1,0,0,1,1,1,2.456291419114444,2.580319680817993,2.451921020722497
1,1,0,1,1,0,1,0,0,0,2.090338926077749,2.19313513983208,1.9988428437055583
1,1,0,1,1,0,1,0,0,1,2.241745378079721,2.3673769030137284,2.2199016055425584
1,1,0,1,1,0,1,0,1,0,2.2963768407533185,2.4146032252955565,2.2826183446454786
1,1,0,1,1,0,1,0,1,1,2.420951805252248,2.55142228969082,2.424739857324581
1,1,0,1,1,0,1,1,0,0,2.271558567091565,2.4005667991470303,2.262974567070111
1,1,0,1,1,0,1,1,0,1,2.3985965129904776,2.536599066234043,2.4080931653551167
1,1,0,1,1,0,1,1,1,0,2.445802679848891,2.5682081792472093,2.4482668830572267
1,1,0,1,1,0,1,1,1,1,2.554667577570161,2.682854355295608,2.561398846700546
1,1,0,1,1,1,0,0,0,0,2.0206882249210674,2.1024247211449243,1.9298904711522575
1,1,0,1,1,1,0,0,0,1,2.1828148125681093,2.2941228781680727,2.1577192055078807
1,1,0,1,1,1,0,0,1,0,2.2399207110232067,2.351855778581826,2.226793409328758
1,1,0,1,1,1,0,0,1,1,2.3726439120326854,2.496914069363963,2.372607763758894
1,1,0,1,1,1,0,1,0,0,2.211802128912792,2.3371516602254876,2.2048757706893842
1,1,0,1,1,1,0,1,0,1,2.3469122625643597,2.4814549347804604,2.3526541197250177
1,1,0,1,1,1,0,1,1,0,2.396220613615614,2.5199393928263274,2.3981899759170395
1,1,0,1,1,1,0,1,1,1,2.5110043022537316,2.6391264033406947,2.513382776158849
1,1,0,1,1,1,1,0,0,0,2.1687253518123786,2.267779035841497,2.0829223788539886
1,1,0,1,1,1,1,0,0,1,2.309136054282709,2.432634184241754,2.2899159347436644
1,1,0,1,1,1,1,0,1,0,2.3611912892315603,2.4787110107472268,2.3503938972572684
1,1,0,1,1,1,1,0,1,1,2.478694046004328,2.6090359829436123,2.4853130126534313
1,1,0,1,1,1,1,1,0,0,2.338022048845668,2.466943052230729,2.331418557959296
1,1,0,1,1,1,1,1,0,1,2.4568737950855097,2.5961410776941567,2.4686861483364075
1,1,0,1,1,1,1,1,1,0,2.502279117608158,2.627460933848125,2.507994944258285
1,1,0,1,1,1,1,1,1,1,2.605454351855974,2.736882662120867,2.615968278346597
1,1,1,0,0,0,0,0,0,0,1.5326832828075039,1.6215128391912275,1.4391893323847826
1,1,1,0,0,0,0,0,0,1,1.7832168812483522,1.9105046282222389,1.773827614611969
1,1,1,0,0,0,0,0,1,0,1.8698991846777162,1.9853400351099808,1.8605819347407957
1,1,1,0,0,0,0,0,1,1,2.056208909083716,2.1854989296219998,2.0560694899901932
1,1,1,0,0,0,0,1,0,0,1.8325311560853643,1.959370722477163,1.8318661010981607
1,1,1,0,0,0,0,1,0,1,2.0233321490639566,2.1599478354703616,2.02793229963705
1,1,1,0,0,0,0,1,1,0,2.091874324602625,2.20649090703284,2.0805460103794133
1,1,1,0,0,0,0,1,1,1,2.2447199280224983,2.364185958946448,2.229784504548858
1,1,1,0,0,0,1,0,0,0,1.7602480770539508,1.868829516149625,1.6704264040536256
1,1,1,0,0,0,1,0,0,1,1.9645617017950774,2.102718898244949,1.9605737513805168
1,1,1,0,0,0,1,0,1,0,2.03746113397882,2.160311218655704,2.0349532455606383
1,1,1,0,0,0,1,0,1,1,2.19701566055975,2.333287221158442,2.2101745378767927
1,1,1,0,0,0,1,1,0,0,2.0081643405409277,2.1400935152587146,2.00973994166082
1,1,1,0,0,0,1,1,0,1,2.1709817676252494,2.313256296292411,2.1867647399869745
1,1,1,0,0,0,1,1,1,0,2.2300920888759026,2.350185375112245,2.2313729196534036
1,1,1,0,0,0,1,1,1,1,2.3644685197209028,2.4907047486354013,2.3676861600634727
1,1,1,0,0,1,0,0,0,0,1.6681197265734509,1.7407998533225277,1.5774280546161217
1,1,1,0,0,1,0,0,0,1,1.8884293017317721,2.007189784224539,1.8814284958105643
1,1,1,0,0,1,0,0,1,0,1.9659744981885343,2.0810052499680274,1.9650130324001094
1,1,1,0,0,1,0,0,1,1,2.136114074509469,2.267122303067849,2.1460329257806796
1,1,1,0,0,1,0,1,0,0,1.9317823266668557,2.0589904662995893,1.9375508580960414
1,1,1,0,0,1,0,1,0,1,2.104814419235501,2.244765944652946,2.1187829284249484
1,1,1,0,0,1,0,1,1,0,2.168969723162943,2.2912830160751327,2.1707121305235404
1,1,1,0,0,1,0,1,1,1,2.310661123208576,2.4383724484800173,2.31007103637039
1,1,1,0,0,1,1,0,0,0,1.8703644938568398,1.9683358958086483,1.7819815470551161
1,1,1,0,0,1,1,0,0,1,2.0537902289407826,2.1866024895475653,2.0499594350238306
1,1,1,0,0,1,1,0,1,0,2.120881524532899,2.2428228716300462,2.121411487783305
1,1,1,0,0,1,1,0,1,1,2.2680748297350766,2.4058092768324237,2.285803612802751
1,1,1,0,0,1,1,1,0,0,2.093904557216426,2.225886541311546,2.0973573973819994
1,1,1,0,0,1,1,1,0,1,2.24312114860009,2.3879776598796427,2.2629335037320666
1,1,1,0,0,1,1,1,1,0,2.2992873988739846,2.4247005574849907,2.3068116166038424
1,1,1,0,0,1,1,1,1,1,2.4247960570624794,2.55723370226119,2.4355608151444983
1,1,1,0,1,0,0,0,0,0,1.73747976330066,1.8192605958505652,1.6378593996121686
1,1,1,0,1,0,0,0,0,1,1.9445119537150974,2.0695753775754575,1.931678297902802
1,1,1,0,1,0,0,0,1,0,2.017009411448417,2.1381246726811862,2.0090302923903423
1,1,1,0,1,0,0,0,1,1,2.179311662422905,2.3164650454822895,2.1850761492400577
1,1,1,0,1,0,0,1,0,0,1.9855055605020515,2.1185470985767063,1.9848072822990563
1,1,1,0,1,0,0,1,0,1,2.1506555904162443,2.2957920881625005,2.1618571556793533
1,1,1,0,1,0,0,1,1,0,2.210243730769904,2.3388380067679084,2.2108456232015827
1,1,1,0,1,0,0,1,1,1,2.346706697098453,2.481243938166075,2.346859208453294
1,1,1,0,1,0,1,0,0,0,1.9245287252552177,2.0319351962529297,1.8324886152848845
1,1,1,0,1,0,1,0,0,1,2.100118169841188,2.238804651500014,2.09253083119057
1,1,1,0,1,0,1,0,1,0,2.162652043957469,2.292492513801473,2.1600838179368615
1,1,1,0,1,0,1,0,1,1,2.304440990438107,2.448761264887548,2.3196662052166848
1,1,1,0,1,0,1,1,0,0,2.1373861583473013,2.276866182536965,2.139273484253631
1,1,1,0,1,0,1,1,0,1,2.281264916563505,2.4321908407037847,2.300794345758635
1,1,1,0,1,0,1,1,1,0,2.3335531100322116,2.4667135439723125,2.342612502120216
1,1,1,0,1,0,1,1,1,1,2.4549840184540943,2.594961383167522,2.467980527165298
1,1,1,0,1,1,0,0,0,0,1.8483179335873596,1.9162871570095659,1.752359304979686
1,1,1,0,1,1,0,0,0,1,2.0346713386729056,2.1494252624082706,2.022581498254683
1,1,1,0,1,1,0,0,1,0,2.1012945416504714,2.217211308630963,2.0970219496556615
1,1,1,0,1,1,0,0,1,1,2.2511147936038998,2.384451187504599,2.2619154932831944
1,1,1,0,1,1,0,1,0,0,2.0711663060418184,2.200594376473019,2.074236318866439
1,1,1,0,1,1,0,1,0,1,2.2230285163131045,2.366207810003999,2.239372376696053
1,1,1,0,1,1,0,1,1,0,2.279607431192996,2.4096180884522744,2.2874987672259857
1,1,1,0,1,1,0,1,1,1,2.407049821123681,2.543493193116992,2.4155836549288305
1,1,1,0,1,1,1,0,0,0,2.0178470273449887,2.1148700938316205,1.928153617514396
1,1,1,0,1,1,1,0,0,1,2.1785035841722036,2.3094105658796353,2.1704856737345133
1,1,1,0,1,1,1,0,1,0,2.2370682704705613,2.3618735810415705,2.2350812144677232
1,1,1,0,1,1,1,0,1,1,2.3693490484001374,2.509961467934288,2.3861183527263368
1,1,1,0,1,1,1,1,0,0,2.212460251431423,2.3491173750433596,2.215272731183974
1,1,1,0,1,1,1,1,0,1,2.346198597550159,2.4953618522341348,2.367335973040975
1,1,1,0,1,1,1,1,1,0,2.396284263384691,2.5300072453517997,2.4083400764814455
1,1,1,0,1,1,1,1,1,1,2.510660585050936,2.6515775052954202,2.527457123842674
1,1,1,1,0,0,0,0,0,0,1.878601805661824,1.9570394339249353,1.7836164217649582
1,1,1,1,0,0,0,0,0,1,2.063621603092686,2.173858858404845,2.0341167122495656
1,1,1,1,0,0,0,0,1,0,2.1286759518643095,2.235289017065825,2.1093928888177147
1,1,1,1,0,0,0,0,1,1,2.275416274920869,2.3958581818472786,2.2686406122143676
1,1,1,1,0,0,0,1,0,0,2.0974302279891868,2.215957321914086,2.08392402939065
1,1,1,1,0,0,0,1,0,1,2.2485848621998636,2.376272552996332,2.244227056595842
1,1,1,1,0,0,0,1,1,0,2.3035631929908824,2.416680475420229,2.2922300040178443
1,1,1,1,0,0,0,1,1,1,2.4294105915342854,2.5467909573006713,2.417107953480407
1,1,1,1,0,0,1,0,0,0,2.048570556916934,2.14183508908461,1.9575705560256866
1,1,1,1,0,0,1,0,0,1,2.20603141146928,2.3254402262280998,2.1827123841488643
1,1,1,1,0,0,1,0,1,0,2.2633016507760475,2.3744330865169094,2.2479509411589738
1,1,1,1,0,0,1,0,1,1,2.3919648974893377,2.5172138430962803,2.394402779085783
1,1,1,1,0,0,1,1,0,0,2.2384506758978477,2.359484203137231,2.2263019117763223
1,1,1,1,0,0,1,1,0,1,2.370474927124574,2.501229284676913,2.3740086009617096
1,1,1,1,0,0,1,1,1,0,2.4195461169208725,2.534088220025457,2.415276734769841
1,1,1,1,0,0,1,1,1,1,2.5318296019726785,2.6526023428688568,2.5315400391891094
1,1,1,1,0,1,0,0,0,0,1.9735587787822102,2.045315014513787,1.8845120763814027
1,1,1,1,0,1,0,0,0,1,2.142470356380337,2.248746820877647,2.1168859082508136
1,1,1,1,0,1,0,0,1,0,2.203283089058124,2.3087850812867345,2.1896267137762617
1,1,1,1,0,1,0,0,1,1,2.3405296920681105,2.4605274919327713,2.3393842348567695
1,1,1,1,0,1,0,1,0,0,2.1743255058304976,2.2920266858202383,2.1652091035024834
1,1,1,1,0,1,0,1,0,1,2.3144942068471086,2.443105481633158,2.315554306860446
1,1,1,1,0,1,0,1,1,0,2.3670941434046147,2.483092555340474,2.3627397269774635
1,1,1,1,0,1,0,1,1,1,2.4854559632491773,2.6064838213252526,2.4809291604684325
1,1,1,1,0,1,1,0,0,0,2.1303793167615326,2.2188208355954906,2.043780523003259
1,1,1,1,0,1,1,0,0,1,2.2755445909734733,2.3922450560755615,2.2544643354307543
1,1,1,1,0,1,1,0,1,0,2.3302094002075404,2.440247557178829,2.31746629793182
1,1,1,1,0,1,1,0,1,1,2.451112824384541,2.576041266930111,2.4561894322442903
1,1,1,1,0,1,1,1,0,0,2.306828019559192,2.4269686100256,2.2964073186842393
1,1,1,1,0,1,1,1,0,1,2.4299829168289477,2.5614195296466846,2.4360036788666157
1,1,1,1,0,1,1,1,1,0,2.477437480677377,2.5940807854856534,2.4765124106328504
1,1,1,1,0,1,1,1,1,1,2.583638031631507,2.707097466517549,2.587402212268988
1,1,1,1,1,0,0,0,0,0,2.026306732837812,2.1041010940753573,1.9299694739430862
1,1,1,1,1,0,0,0,0,1,2.1863847415179998,2.2981901972620067,2.1575356649208812
1,1,1,1,1,0,0,0,1,0,2.244102404015304,2.3555516617259564,2.2253399626422357
1,1,1,1,1,0,0,0,1,1,2.3752489416278193,2.5024046326906983,2.372624418509175
1,1,1,1,1,0,0,1,0,0,2.2162646926065843,2.339818237068991,2.2033741250132968
1,1,1,1,1,0,0,1,0,1,2.350668709294485,2.4854265562341675,2.3518912597780237
1,1,1,1,1,0,0,1,1,0,2.4004010937138487,2.523141222515075,2.3964095323388657
1,1,1,1,1,0,0,1,1,1,2.5146312351337285,2.6435381130462883,2.5129502168989895
1,1,1,1,1,0,1,0,0,0,2.1723962681226223,2.2695037943271874,2.0829674954974604
1,1,1,1,1,0,1,0,0,1,2.3125051533116805,2.4359649825144647,2.2896568736592626
1,1,1,1,1,0,1,0,1,0,2.363970868178933,2.482168980603184,2.349445250982663
1,1,1,1,1,0,1,0,1,1,2.4808372011701,2.6136596593658243,2.485359414362732
1,1,1,1,1,0,1,1,0,0,2.340809311028301,2.469763686476011,2.3308756014754195
1,1,1,1,1,0,1,1,0,1,2.4602478562060925,2.5997983977880033,2.4684292875741383
1,1,1,1,1,0,1,1,1,0,2.5054045932442546,2.630629364647807,2.507058189679016
1,1,1,1,1,0,1,1,1,1,2.608418753806033,2.740829252744765,2.6158898984651575
1,1,1,1,1,1,0,0,0,0,2.1091689639397337,2.179166538531452,2.0180402613613873
1,1,1,1,1,1,0,0,0,1,2.2571767707535755,2.362474428554774,2.2306457135378195
1,1,1,1,1,1,0,0,1,0,2.312034740630692,2.4181377562910287,2.2957669452139924
1,1,1,1,1,1,0,0,1,1,2.4353098444058876,2.5578911366401336,2.4354454956072
1,1,1,1,1,1,0,1,0,0,2.2855803652227378,2.405071853700709,2.2752750546590224
1,1,1,1,1,1,0,1,0,1,2.411062167576432,2.5431575153723887,2.4153250850290675
1,1,1,1,1,1,0,1,1,0,2.459133649023105,2.5803195058198245,2.4587399958825813
1,1,1,1,1,1,0,1,1,1,2.566938003748314,2.6951702523689205,2.5696978163375235
1,1,1,1,1,1,1,0,0,0,2.245340428917177,2.3356649269544154,2.1599175860184054
1,1,1,1,1,1,1,0,0,1,2.3758227758179613,2.493728407423908,2.3543840884543306
1,1,1,1,1,1,1,0,1,0,2.4256266577053665,2.5385264918469272,2.4118167931690166
1,1,1,1,1,1,1,0,1,1,2.536103152415601,2.6643443379236365,2.541439123023332
1,1,1,1,1,1,1,1,0,0,2.4031680935820177,2.5282332275526995,2.3939901964439416
1,1,1,1,1,1,1,1,0,1,2.515355583131383,2.6521779620943224,2.524500017924155
1,1,1,1,1,1,1,1,1,0,2.5593912860692605,2.6825543960387024,2.5622532282352903
1,1,1,1,1,1,1,1,1,1,2.657247680289499,2.788228113501284,2.6665206219019812
